Asset ID,Type,Name,Path,Created At,URL,Format,Size,clean_url,category,subcategory,series,project_id,index,gallery_images
6a1188b25c7cd75eb85d52df,File,air1-01.jpg - air1-01.jpg - 01,/ZHONGyuan/AQI/air1-01.jpg,2026-05-23T11:00:02.641Z,https://ik.imagekit.io/ZHONGyuan/ZHONGyuan/AQI/air1-01.jpg?updatedAt=1779534003256,jpg,693671,https://ik.imagekit.io/ZHONGyuan/ZHONGyuan/AQI/air1-01.jpg,air1-01.jpg,air1-01.jpg,,/ZHONGyuan/AQI/air1-01.jpg,1,['https://ik.imagekit.io/ZHONGyuan/ZHONGyuan/AQI/air1-01.jpg']
6a1188b25c7cd75eb85d5221,File,air1-01_edited.jpg - air1-01_edited.jpg - 01,/ZHONGyuan/AQI/air1-01_edited.jpg,2026-05-23T11:00:02.551Z,https://ik.imagekit.io/ZHONGyuan/ZHONGyuan/AQI/air1-01_edited.jpg?updatedAt=1779534002966,jpg,169471,https://ik.imagekit.io/ZHONGyuan/ZHONGyuan/AQI/air1-01_edited.jpg,air1-01_edited.jpg,air1-01_edited.jpg,,/ZHONGyuan/AQI/air1-01_edited.jpg,1,['https://ik.imagekit.io/ZHONGyuan/ZHONGyuan/AQI/air1-01_edited.jpg']
6a1188b25c7cd75eb85d5275,File,air2-01.jpg - air2-01.jpg - 01,/ZHONGyuan/AQI/air2-01.jpg,2026-05-23T11:00:02.603Z,https://ik.imagekit.io/ZHONGyuan/ZHONGyuan/AQI/air2-01.jpg?updatedAt=1779534003210,jpg,1274046,https://ik.imagekit.io/ZHONGyuan/ZHONGyuan/AQI/air2-01.jpg,air2-01.jpg,air2-01.jpg,,/ZHONGyuan/AQI/air2-01.jpg,1,['https://ik.imagekit.io/ZHONGyuan/ZHONGyuan/AQI/air2-01.jpg']
6a1188b25c7cd75eb85d52d6,File,air3-01.jpg - air3-01.jpg - 01,/ZHONGyuan/AQI/air3-01.jpg,2026-05-23T11:00:02.633Z,https://ik.imagekit.io/ZHONGyuan/ZHONGyuan/AQI/air3-01.jpg?updatedAt=1779534003241,jpg,699759,https://ik.imagekit.io/ZHONGyuan/ZHONGyuan/AQI/air3-01.jpg,air3-01.jpg,air3-01.jpg,,/ZHONGyuan/AQI/air3-01.jpg,1,['https://ik.imagekit.io/ZHONGyuan/ZHONGyuan/AQI/air3-01.jpg']
6a1188b25c7cd75eb85d52dd,File,air4-01.jpg - air4-01.jpg - 01,/ZHONGyuan/AQI/air4-01.jpg,2026-05-23T11:00:02.640Z,https://ik.imagekit.io/ZHONGyuan/ZHONGyuan/AQI/air4-01.jpg?updatedAt=1779534003266,jpg,702198,https://ik.imagekit.io/ZHONGyuan/ZHONGyuan/AQI/air4-01.jpg,air4-01.jpg,air4-01.jpg,,/ZHONGyuan/AQI/air4-01.jpg,1,['https://ik.imagekit.io/ZHONGyuan/ZHONGyuan/AQI/air4-01.jpg']
6a1189025c7cd75eb860eff9,File,x.jpg - x.jpg - 01,/ZHONGyuan/Affiche/x.jpg,2026-05-23T11:01:21.980Z,https://ik.imagekit.io/ZHONGyuan/ZHONGyuan/Affiche/x.jpg?updatedAt=1779534083020,jpg,5856552,https://ik.imagekit.io/ZHONGyuan/ZHONGyuan/Affiche/x.jpg,x.jpg,x.jpg,,/ZHONGyuan/Affiche/x.jpg,1,['https://ik.imagekit.io/ZHONGyuan/ZHONGyuan/Affiche/x.jpg']
6a1189025c7cd75eb860f090,File,涔濅節娑堝瘨鍥?01.jpg - 涔濅節娑堝瘨鍥?01.jpg - 01,/ZHONGyuan/Affiche/涔濅節娑堝瘨鍥?01.jpg,2026-05-23T11:01:22.184Z,https://ik.imagekit.io/ZHONGyuan/ZHONGyuan/Affiche/%E4%B9%9D%E4%B9%9D%E6%B6%88%E5%AF%92%E5%9B%BE-01.jpg?updatedAt=1779534082719,jpg,2135481,https://ik.imagekit.io/ZHONGyuan/ZHONGyuan/Affiche/涔濅節娑堝瘨鍥?01.jpg,涔濅節娑堝瘨鍥?01.jpg,涔濅節娑堝瘨鍥?01.jpg,,/ZHONGyuan/Affiche/涔濅節娑堝瘨鍥?01.jpg,1,['https://ik.imagekit.io/ZHONGyuan/ZHONGyuan/Affiche/涔濅節娑堝瘨鍥?01.jpg']
6a1189025c7cd75eb860f153,File,瀹氱.jpg - 瀹氱.jpg - 01,/ZHONGyuan/Affiche/瀹氱.jpg,2026-05-23T11:01:22.367Z,https://ik.imagekit.io/ZHONGyuan/ZHONGyuan/Affiche/%E5%AE%9A%E7%A8%BF.jpg?updatedAt=1779534082846,jpg,697562,https://ik.imagekit.io/ZHONGyuan/ZHONGyuan/Affiche/瀹氱.jpg,瀹氱.jpg,瀹氱.jpg,,/ZHONGyuan/Affiche/瀹氱.jpg,1,['https://ik.imagekit.io/ZHONGyuan/ZHONGyuan/Affiche/瀹氱.jpg']
6a1189025c7cd75eb860f085,File,娴锋姤2x-01.jpg - 娴锋姤2x-01.jpg - 01,/ZHONGyuan/Affiche/娴锋姤2x-01.jpg,2026-05-23T11:01:22.173Z,https://ik.imagekit.io/ZHONGyuan/ZHONGyuan/Affiche/%E6%B5%B7%E6%8A%A52x-01.jpg?updatedAt=1779534082698,jpg,1600122,https://ik.imagekit.io/ZHONGyuan/ZHONGyuan/Affiche/娴锋姤2x-01.jpg,娴锋姤2x-01.jpg,娴锋姤2x-01.jpg,,/ZHONGyuan/Affiche/娴锋姤2x-01.jpg,1,['https://ik.imagekit.io/ZHONGyuan/ZHONGyuan/Affiche/娴锋姤2x-01.jpg']
6a1189025c7cd75eb860f056,File,绮楃35.jpg - 绮楃35.jpg - 01,/ZHONGyuan/Affiche/绮楃35.jpg,2026-05-23T11:01:22.108Z,https://ik.imagekit.io/ZHONGyuan/ZHONGyuan/Affiche/%E7%B2%97%E7%A8%BF35.jpg?updatedAt=1779534082687,jpg,964598,https://ik.imagekit.io/ZHONGyuan/ZHONGyuan/Affiche/绮楃35.jpg,绮楃35.jpg,绮楃35.jpg,,/ZHONGyuan/Affiche/绮楃35.jpg,1,['https://ik.imagekit.io/ZHONGyuan/ZHONGyuan/Affiche/绮楃35.jpg']
6a1189025c7cd75eb860f09a,File,绮楃37.jpg - 绮楃37.jpg - 01,/ZHONGyuan/Affiche/绮楃37.jpg,2026-05-23T11:01:22.187Z,https://ik.imagekit.io/ZHONGyuan/ZHONGyuan/Affiche/%E7%B2%97%E7%A8%BF37.jpg?updatedAt=1779534082816,jpg,2064727,https://ik.imagekit.io/ZHONGyuan/ZHONGyuan/Affiche/绮楃37.jpg,绮楃37.jpg,绮楃37.jpg,,/ZHONGyuan/Affiche/绮楃37.jpg,1,['https://ik.imagekit.io/ZHONGyuan/ZHONGyuan/Affiche/绮楃37.jpg']
6a1189025c7cd75eb860f1ce,File,璁插骇娴锋姤-01.jpg - 璁插骇娴锋姤-01.jpg - 01,/ZHONGyuan/Affiche/璁插骇娴锋姤-01.jpg,2026-05-23T11:01:22.477Z,https://ik.imagekit.io/ZHONGyuan/ZHONGyuan/Affiche/%E8%AE%B2%E5%BA%A7%E6%B5%B7%E6%8A%A5-01.jpg?updatedAt=1779534082911,jpg,3953209,https://ik.imagekit.io/ZHONGyuan/ZHONGyuan/Affiche/璁插骇娴锋姤-01.jpg,璁插骇娴锋姤-01.jpg,璁插骇娴锋姤-01.jpg,,/ZHONGyuan/Affiche/璁插骇娴锋姤-01.jpg,1,['https://ik.imagekit.io/ZHONGyuan/ZHONGyuan/Affiche/璁插骇娴锋姤-01.jpg']
6a1189f45c7cd75eb866d78a,File,Cyborg Kuro-chan-01.jpg - Cyborg Kuro-chan-01.jpg - 01,/ZHONGyuan/Black Cat/Cyborg Kuro-chan-01.jpg,2026-05-23T11:05:23.931Z,https://ik.imagekit.io/ZHONGyuan/ZHONGyuan/Black%20Cat/Cyborg%20Kuro-chan-01.jpg?updatedAt=1779534324728,jpg,603797,https://ik.imagekit.io/ZHONGyuan/ZHONGyuan/Black Cat/Cyborg Kuro-chan-01.jpg,Cyborg Kuro-chan-01.jpg,Cyborg Kuro-chan-01.jpg,,/ZHONGyuan/Black Cat/Cyborg Kuro-chan-01.jpg,1,['https://ik.imagekit.io/ZHONGyuan/ZHONGyuan/Black Cat/Cyborg Kuro-chan-01.jpg']
6a1189f45c7cd75eb866ddc7,File,IMG_3421.png - IMG_3421.png - 01,/ZHONGyuan/Black Cat/IMG_3421.png,2026-05-23T11:05:24.642Z,https://ik.imagekit.io/ZHONGyuan/ZHONGyuan/Black%20Cat/IMG_3421.png?updatedAt=1779534325659,png,4620428,https://ik.imagekit.io/ZHONGyuan/ZHONGyuan/Black Cat/IMG_3421.png,IMG_3421.png,IMG_3421.png,,/ZHONGyuan/Black Cat/IMG_3421.png,1,['https://ik.imagekit.io/ZHONGyuan/ZHONGyuan/Black Cat/IMG_3421.png']
6a1189f35c7cd75eb866d5f7,File,alouette-01.jpg - alouette-01.jpg - 01,/ZHONGyuan/Black Cat/alouette-01.jpg,2026-05-23T11:05:23.697Z,https://ik.imagekit.io/ZHONGyuan/ZHONGyuan/Black%20Cat/alouette-01.jpg?updatedAt=1779534324175,jpg,221043,https://ik.imagekit.io/ZHONGyuan/ZHONGyuan/Black Cat/alouette-01.jpg,alouette-01.jpg,alouette-01.jpg,,/ZHONGyuan/Black Cat/alouette-01.jpg,1,['https://ik.imagekit.io/ZHONGyuan/ZHONGyuan/Black Cat/alouette-01.jpg']
6a1189f35c7cd75eb866d4a6,File,batman-01.jpg - batman-01.jpg - 01,/ZHONGyuan/Black Cat/batman-01.jpg,2026-05-23T11:05:23.470Z,https://ik.imagekit.io/ZHONGyuan/ZHONGyuan/Black%20Cat/batman-01.jpg?updatedAt=1779534323952,jpg,264834,https://ik.imagekit.io/ZHONGyuan/ZHONGyuan/Black Cat/batman-01.jpg,batman-01.jpg,batman-01.jpg,,/ZHONGyuan/Black Cat/batman-01.jpg,1,['https://ik.imagekit.io/ZHONGyuan/ZHONGyuan/Black Cat/batman-01.jpg']
6a1189f35c7cd75eb866d1b3,File,cat-01.jpg - cat-01.jpg - 01,/ZHONGyuan/Black Cat/cat-01.jpg,2026-05-23T11:05:22.962Z,https://ik.imagekit.io/ZHONGyuan/ZHONGyuan/Black%20Cat/cat-01.jpg?updatedAt=1779534323448,jpg,96748,https://ik.imagekit.io/ZHONGyuan/ZHONGyuan/Black Cat/cat-01.jpg,cat-01.jpg,cat-01.jpg,,/ZHONGyuan/Black Cat/cat-01.jpg,1,['https://ik.imagekit.io/ZHONGyuan/ZHONGyuan/Black Cat/cat-01.jpg']
6a1189f25c7cd75eb866d0ad,File,cat.p8.png - cat.p8.png - 01,/ZHONGyuan/Black Cat/cat.p8.png,2026-05-23T11:05:22.687Z,https://ik.imagekit.io/ZHONGyuan/ZHONGyuan/Black%20Cat/cat.p8.png?updatedAt=1779534323121,png,6788,https://ik.imagekit.io/ZHONGyuan/ZHONGyuan/Black Cat/cat.p8.png,cat.p8.png,cat.p8.png,,/ZHONGyuan/Black Cat/cat.p8.png,1,['https://ik.imagekit.io/ZHONGyuan/ZHONGyuan/Black Cat/cat.p8.png']
6a1189f35c7cd75eb866d211,File,cheesecake-01.jpg - cheesecake-01.jpg - 01,/ZHONGyuan/Black Cat/cheesecake-01.jpg,2026-05-23T11:05:23.040Z,https://ik.imagekit.io/ZHONGyuan/ZHONGyuan/Black%20Cat/cheesecake-01.jpg?updatedAt=1779534323526,jpg,201868,https://ik.imagekit.io/ZHONGyuan/ZHONGyuan/Black Cat/cheesecake-01.jpg,cheesecake-01.jpg,cheesecake-01.jpg,,/ZHONGyuan/Black Cat/cheesecake-01.jpg,1,['https://ik.imagekit.io/ZHONGyuan/ZHONGyuan/Black Cat/cheesecake-01.jpg']
6a1189f35c7cd75eb866d222,File,cupoftea-01.jpg - cupoftea-01.jpg - 01,/ZHONGyuan/Black Cat/cupoftea-01.jpg,2026-05-23T11:05:23.042Z,https://ik.imagekit.io/ZHONGyuan/ZHONGyuan/Black%20Cat/cupoftea-01.jpg?updatedAt=1779534323715,jpg,164196,https://ik.imagekit.io/ZHONGyuan/ZHONGyuan/Black Cat/cupoftea-01.jpg,cupoftea-01.jpg,cupoftea-01.jpg,,/ZHONGyuan/Black Cat/cupoftea-01.jpg,1,['https://ik.imagekit.io/ZHONGyuan/ZHONGyuan/Black Cat/cupoftea-01.jpg']
6a1189f35c7cd75eb866d28a,File,dontfeelsogood-01.jpg - dontfeelsogood-01.jpg - 01,/ZHONGyuan/Black Cat/dontfeelsogood-01.jpg,2026-05-23T11:05:23.115Z,https://ik.imagekit.io/ZHONGyuan/ZHONGyuan/Black%20Cat/dontfeelsogood-01.jpg?updatedAt=1779534323852,jpg,182140,https://ik.imagekit.io/ZHONGyuan/ZHONGyuan/Black Cat/dontfeelsogood-01.jpg,dontfeelsogood-01.jpg,dontfeelsogood-01.jpg,,/ZHONGyuan/Black Cat/dontfeelsogood-01.jpg,1,['https://ik.imagekit.io/ZHONGyuan/ZHONGyuan/Black Cat/dontfeelsogood-01.jpg']
6a1189f35c7cd75eb866d28c,File,eatsomethingnew-01.jpg - eatsomethingnew-01.jpg - 01,/ZHONGyuan/Black Cat/eatsomethingnew-01.jpg,2026-05-23T11:05:23.126Z,https://ik.imagekit.io/ZHONGyuan/ZHONGyuan/Black%20Cat/eatsomethingnew-01.jpg?updatedAt=1779534323778,jpg,225183,https://ik.imagekit.io/ZHONGyuan/ZHONGyuan/Black Cat/eatsomethingnew-01.jpg,eatsomethingnew-01.jpg,eatsomethingnew-01.jpg,,/ZHONGyuan/Black Cat/eatsomethingnew-01.jpg,1,['https://ik.imagekit.io/ZHONGyuan/ZHONGyuan/Black Cat/eatsomethingnew-01.jpg']
6a1189f35c7cd75eb866d202,File,escape-01.jpg - escape-01.jpg - 01,/ZHONGyuan/Black Cat/escape-01.jpg,2026-05-23T11:05:23.021Z,https://ik.imagekit.io/ZHONGyuan/ZHONGyuan/Black%20Cat/escape-01.jpg?updatedAt=1779534323479,jpg,129071,https://ik.imagekit.io/ZHONGyuan/ZHONGyuan/Black Cat/escape-01.jpg,escape-01.jpg,escape-01.jpg,,/ZHONGyuan/Black Cat/escape-01.jpg,1,['https://ik.imagekit.io/ZHONGyuan/ZHONGyuan/Black Cat/escape-01.jpg']
6a1189f35c7cd75eb866d217,File,fishbowl-01.jpg - fishbowl-01.jpg - 01,/ZHONGyuan/Black Cat/fishbowl-01.jpg,2026-05-23T11:05:23.043Z,https://ik.imagekit.io/ZHONGyuan/ZHONGyuan/Black%20Cat/fishbowl-01.jpg?updatedAt=1779534323537,jpg,156354,https://ik.imagekit.io/ZHONGyuan/ZHONGyuan/Black Cat/fishbowl-01.jpg,fishbowl-01.jpg,fishbowl-01.jpg,,/ZHONGyuan/Black Cat/fishbowl-01.jpg,1,['https://ik.imagekit.io/ZHONGyuan/ZHONGyuan/Black Cat/fishbowl-01.jpg']
6a1189f35c7cd75eb866d5f4,File,floating-01.jpg - floating-01.jpg - 01,/ZHONGyuan/Black Cat/floating-01.jpg,2026-05-23T11:05:23.705Z,https://ik.imagekit.io/ZHONGyuan/ZHONGyuan/Black%20Cat/floating-01.jpg?updatedAt=1779534324175,jpg,488567,https://ik.imagekit.io/ZHONGyuan/ZHONGyuan/Black Cat/floating-01.jpg,floating-01.jpg,floating-01.jpg,,/ZHONGyuan/Black Cat/floating-01.jpg,1,['https://ik.imagekit.io/ZHONGyuan/ZHONGyuan/Black Cat/floating-01.jpg']
6a1189f35c7cd75eb866d273,File,gosleep-01.jpg - gosleep-01.jpg - 01,/ZHONGyuan/Black Cat/gosleep-01.jpg,2026-05-23T11:05:23.082Z,https://ik.imagekit.io/ZHONGyuan/ZHONGyuan/Black%20Cat/gosleep-01.jpg?updatedAt=1779534323829,jpg,132204,https://ik.imagekit.io/ZHONGyuan/ZHONGyuan/Black Cat/gosleep-01.jpg,gosleep-01.jpg,gosleep-01.jpg,,/ZHONGyuan/Black Cat/gosleep-01.jpg,1,['https://ik.imagekit.io/ZHONGyuan/ZHONGyuan/Black Cat/gosleep-01.jpg']
6a1189f35c7cd75eb866d207,File,ilikeyou1-01.jpg - ilikeyou1-01.jpg - 01,/ZHONGyuan/Black Cat/ilikeyou1-01.jpg,2026-05-23T11:05:23.034Z,https://ik.imagekit.io/ZHONGyuan/ZHONGyuan/Black%20Cat/ilikeyou1-01.jpg?updatedAt=1779534323490,jpg,139952,https://ik.imagekit.io/ZHONGyuan/ZHONGyuan/Black Cat/ilikeyou1-01.jpg,ilikeyou1-01.jpg,ilikeyou1-01.jpg,,/ZHONGyuan/Black Cat/ilikeyou1-01.jpg,1,['https://ik.imagekit.io/ZHONGyuan/ZHONGyuan/Black Cat/ilikeyou1-01.jpg']
6a1189f35c7cd75eb866d25d,File,illusionniste-01.jpg - illusionniste-01.jpg - 01,/ZHONGyuan/Black Cat/illusionniste-01.jpg,2026-05-23T11:05:23.088Z,https://ik.imagekit.io/ZHONGyuan/ZHONGyuan/Black%20Cat/illusionniste-01.jpg?updatedAt=1779534323729,jpg,171229,https://ik.imagekit.io/ZHONGyuan/ZHONGyuan/Black Cat/illusionniste-01.jpg,illusionniste-01.jpg,illusionniste-01.jpg,,/ZHONGyuan/Black Cat/illusionniste-01.jpg,1,['https://ik.imagekit.io/ZHONGyuan/ZHONGyuan/Black Cat/illusionniste-01.jpg']
6a1189f35c7cd75eb866d2d0,File,iloveyouleon-01.jpg - iloveyouleon-01.jpg - 01,/ZHONGyuan/Black Cat/iloveyouleon-01.jpg,2026-05-23T11:05:23.166Z,https://ik.imagekit.io/ZHONGyuan/ZHONGyuan/Black%20Cat/iloveyouleon-01.jpg?updatedAt=1779534323679,jpg,252776,https://ik.imagekit.io/ZHONGyuan/ZHONGyuan/Black Cat/iloveyouleon-01.jpg,iloveyouleon-01.jpg,iloveyouleon-01.jpg,,/ZHONGyuan/Black Cat/iloveyouleon-01.jpg,1,['https://ik.imagekit.io/ZHONGyuan/ZHONGyuan/Black Cat/iloveyouleon-01.jpg']
6a1189f35c7cd75eb866d2ed,File,ilsestendormi-01.jpg - ilsestendormi-01.jpg - 01,/ZHONGyuan/Black Cat/ilsestendormi-01.jpg,2026-05-23T11:05:23.185Z,https://ik.imagekit.io/ZHONGyuan/ZHONGyuan/Black%20Cat/ilsestendormi-01.jpg?updatedAt=1779534323741,jpg,147749,https://ik.imagekit.io/ZHONGyuan/ZHONGyuan/Black Cat/ilsestendormi-01.jpg,ilsestendormi-01.jpg,ilsestendormi-01.jpg,,/ZHONGyuan/Black Cat/ilsestendormi-01.jpg,1,['https://ik.imagekit.io/ZHONGyuan/ZHONGyuan/Black Cat/ilsestendormi-01.jpg']
6a1189f35c7cd75eb866d357,File,jump-01.jpg - jump-01.jpg - 01,/ZHONGyuan/Black Cat/jump-01.jpg,2026-05-23T11:05:23.247Z,https://ik.imagekit.io/ZHONGyuan/ZHONGyuan/Black%20Cat/jump-01.jpg?updatedAt=1779534323939,jpg,205915,https://ik.imagekit.io/ZHONGyuan/ZHONGyuan/Black Cat/jump-01.jpg,jump-01.jpg,jump-01.jpg,,/ZHONGyuan/Black Cat/jump-01.jpg,1,['https://ik.imagekit.io/ZHONGyuan/ZHONGyuan/Black Cat/jump-01.jpg']
6a1189f45c7cd75eb866d788,File,justgrowup-01.jpg - justgrowup-01.jpg - 01,/ZHONGyuan/Black Cat/justgrowup-01.jpg,2026-05-23T11:05:23.929Z,https://ik.imagekit.io/ZHONGyuan/ZHONGyuan/Black%20Cat/justgrowup-01.jpg?updatedAt=1779534324749,jpg,509271,https://ik.imagekit.io/ZHONGyuan/ZHONGyuan/Black Cat/justgrowup-01.jpg,justgrowup-01.jpg,justgrowup-01.jpg,,/ZHONGyuan/Black Cat/justgrowup-01.jpg,1,['https://ik.imagekit.io/ZHONGyuan/ZHONGyuan/Black Cat/justgrowup-01.jpg']
6a1189f35c7cd75eb866d6ed,File,kongmingdeng-01.jpg - kongmingdeng-01.jpg - 01,/ZHONGyuan/Black Cat/kongmingdeng-01.jpg,2026-05-23T11:05:23.817Z,https://ik.imagekit.io/ZHONGyuan/ZHONGyuan/Black%20Cat/kongmingdeng-01.jpg?updatedAt=1779534324312,jpg,423165,https://ik.imagekit.io/ZHONGyuan/ZHONGyuan/Black Cat/kongmingdeng-01.jpg,kongmingdeng-01.jpg,kongmingdeng-01.jpg,,/ZHONGyuan/Black Cat/kongmingdeng-01.jpg,1,['https://ik.imagekit.io/ZHONGyuan/ZHONGyuan/Black Cat/kongmingdeng-01.jpg']
6a1189f45c7cd75eb866d74f,File,map-01.jpg - map-01.jpg - 01,/ZHONGyuan/Black Cat/map-01.jpg,2026-05-23T11:05:23.861Z,https://ik.imagekit.io/ZHONGyuan/ZHONGyuan/Black%20Cat/map-01.jpg?updatedAt=1779534324323,jpg,651931,https://ik.imagekit.io/ZHONGyuan/ZHONGyuan/Black Cat/map-01.jpg,map-01.jpg,map-01.jpg,,/ZHONGyuan/Black Cat/map-01.jpg,1,['https://ik.imagekit.io/ZHONGyuan/ZHONGyuan/Black Cat/map-01.jpg']
6a1189f45c7cd75eb866d99e,File,metro-01.jpg - metro-01.jpg - 01,/ZHONGyuan/Black Cat/metro-01.jpg,2026-05-23T11:05:24.144Z,https://ik.imagekit.io/ZHONGyuan/ZHONGyuan/Black%20Cat/metro-01.jpg?updatedAt=1779534324637,jpg,564534,https://ik.imagekit.io/ZHONGyuan/ZHONGyuan/Black Cat/metro-01.jpg,metro-01.jpg,metro-01.jpg,,/ZHONGyuan/Black Cat/metro-01.jpg,1,['https://ik.imagekit.io/ZHONGyuan/ZHONGyuan/Black Cat/metro-01.jpg']
6a1189f35c7cd75eb866d2b7,File,mouton-01.jpg - mouton-01.jpg - 01,/ZHONGyuan/Black Cat/mouton-01.jpg,2026-05-23T11:05:23.142Z,https://ik.imagekit.io/ZHONGyuan/ZHONGyuan/Black%20Cat/mouton-01.jpg?updatedAt=1779534323729,jpg,153143,https://ik.imagekit.io/ZHONGyuan/ZHONGyuan/Black Cat/mouton-01.jpg,mouton-01.jpg,mouton-01.jpg,,/ZHONGyuan/Black Cat/mouton-01.jpg,1,['https://ik.imagekit.io/ZHONGyuan/ZHONGyuan/Black Cat/mouton-01.jpg']
6a1189f35c7cd75eb866d324,File,music-01.jpg - music-01.jpg - 01,/ZHONGyuan/Black Cat/music-01.jpg,2026-05-23T11:05:23.216Z,https://ik.imagekit.io/ZHONGyuan/ZHONGyuan/Black%20Cat/music-01.jpg?updatedAt=1779534323646,jpg,269185,https://ik.imagekit.io/ZHONGyuan/ZHONGyuan/Black Cat/music-01.jpg,music-01.jpg,music-01.jpg,,/ZHONGyuan/Black Cat/music-01.jpg,1,['https://ik.imagekit.io/ZHONGyuan/ZHONGyuan/Black Cat/music-01.jpg']
6a1189f35c7cd75eb866d3eb,File,night-01.jpg - night-01.jpg - 01,/ZHONGyuan/Black Cat/night-01.jpg,2026-05-23T11:05:23.324Z,https://ik.imagekit.io/ZHONGyuan/ZHONGyuan/Black%20Cat/night-01.jpg?updatedAt=1779534324233,jpg,235003,https://ik.imagekit.io/ZHONGyuan/ZHONGyuan/Black Cat/night-01.jpg,night-01.jpg,night-01.jpg,,/ZHONGyuan/Black Cat/night-01.jpg,1,['https://ik.imagekit.io/ZHONGyuan/ZHONGyuan/Black Cat/night-01.jpg']
6a1189f35c7cd75eb866d3de,File,noubliepas-01.jpg - noubliepas-01.jpg - 01,/ZHONGyuan/Black Cat/noubliepas-01.jpg,2026-05-23T11:05:23.299Z,https://ik.imagekit.io/ZHONGyuan/ZHONGyuan/Black%20Cat/noubliepas-01.jpg?updatedAt=1779534323949,jpg,228662,https://ik.imagekit.io/ZHONGyuan/ZHONGyuan/Black Cat/noubliepas-01.jpg,noubliepas-01.jpg,noubliepas-01.jpg,,/ZHONGyuan/Black Cat/noubliepas-01.jpg,1,['https://ik.imagekit.io/ZHONGyuan/ZHONGyuan/Black Cat/noubliepas-01.jpg']
6a1189f45c7cd75eb866d785,File,pineapple-01.jpg - pineapple-01.jpg - 01,/ZHONGyuan/Black Cat/pineapple-01.jpg,2026-05-23T11:05:23.926Z,https://ik.imagekit.io/ZHONGyuan/ZHONGyuan/Black%20Cat/pineapple-01.jpg?updatedAt=1779534324756,jpg,489300,https://ik.imagekit.io/ZHONGyuan/ZHONGyuan/Black Cat/pineapple-01.jpg,pineapple-01.jpg,pineapple-01.jpg,,/ZHONGyuan/Black Cat/pineapple-01.jpg,1,['https://ik.imagekit.io/ZHONGyuan/ZHONGyuan/Black Cat/pineapple-01.jpg']
6a1189f35c7cd75eb866d407,File,plant-01.jpg - plant-01.jpg - 01,/ZHONGyuan/Black Cat/plant-01.jpg,2026-05-23T11:05:23.363Z,https://ik.imagekit.io/ZHONGyuan/ZHONGyuan/Black%20Cat/plant-01.jpg?updatedAt=1779534324241,jpg,250386,https://ik.imagekit.io/ZHONGyuan/ZHONGyuan/Black Cat/plant-01.jpg,plant-01.jpg,plant-01.jpg,,/ZHONGyuan/Black Cat/plant-01.jpg,1,['https://ik.imagekit.io/ZHONGyuan/ZHONGyuan/Black Cat/plant-01.jpg']
6a1189f35c7cd75eb866d328,File,rockandroll-01.jpg - rockandroll-01.jpg - 01,/ZHONGyuan/Black Cat/rockandroll-01.jpg,2026-05-23T11:05:23.217Z,https://ik.imagekit.io/ZHONGyuan/ZHONGyuan/Black%20Cat/rockandroll-01.jpg?updatedAt=1779534323834,jpg,194622,https://ik.imagekit.io/ZHONGyuan/ZHONGyuan/Black Cat/rockandroll-01.jpg,rockandroll-01.jpg,rockandroll-01.jpg,,/ZHONGyuan/Black Cat/rockandroll-01.jpg,1,['https://ik.imagekit.io/ZHONGyuan/ZHONGyuan/Black Cat/rockandroll-01.jpg']
6a1189f35c7cd75eb866d4aa,File,seethepast-01.jpg - seethepast-01.jpg - 01,/ZHONGyuan/Black Cat/seethepast-01.jpg,2026-05-23T11:05:23.474Z,https://ik.imagekit.io/ZHONGyuan/ZHONGyuan/Black%20Cat/seethepast-01.jpg?updatedAt=1779534323958,jpg,307198,https://ik.imagekit.io/ZHONGyuan/ZHONGyuan/Black Cat/seethepast-01.jpg,seethepast-01.jpg,seethepast-01.jpg,,/ZHONGyuan/Black Cat/seethepast-01.jpg,1,['https://ik.imagekit.io/ZHONGyuan/ZHONGyuan/Black Cat/seethepast-01.jpg']
6a1189f45c7cd75eb866d7e9,File,seeyou-01.jpg - seeyou-01.jpg - 01,/ZHONGyuan/Black Cat/seeyou-01.jpg,2026-05-23T11:05:23.950Z,https://ik.imagekit.io/ZHONGyuan/ZHONGyuan/Black%20Cat/seeyou-01.jpg?updatedAt=1779534324440,jpg,499516,https://ik.imagekit.io/ZHONGyuan/ZHONGyuan/Black Cat/seeyou-01.jpg,seeyou-01.jpg,seeyou-01.jpg,,/ZHONGyuan/Black Cat/seeyou-01.jpg,1,['https://ik.imagekit.io/ZHONGyuan/ZHONGyuan/Black Cat/seeyou-01.jpg']
6a1189f35c7cd75eb866d410,File,ship-01.jpg - ship-01.jpg - 01,/ZHONGyuan/Black Cat/ship-01.jpg,2026-05-23T11:05:23.361Z,https://ik.imagekit.io/ZHONGyuan/ZHONGyuan/Black%20Cat/ship-01.jpg?updatedAt=1779534323844,jpg,246134,https://ik.imagekit.io/ZHONGyuan/ZHONGyuan/Black Cat/ship-01.jpg,ship-01.jpg,ship-01.jpg,,/ZHONGyuan/Black Cat/ship-01.jpg,1,['https://ik.imagekit.io/ZHONGyuan/ZHONGyuan/Black Cat/ship-01.jpg']
6a1189f35c7cd75eb866d3ad,File,summer-01.jpg - summer-01.jpg - 01,/ZHONGyuan/Black Cat/summer-01.jpg,2026-05-23T11:05:23.286Z,https://ik.imagekit.io/ZHONGyuan/ZHONGyuan/Black%20Cat/summer-01.jpg?updatedAt=1779534323939,jpg,216711,https://ik.imagekit.io/ZHONGyuan/ZHONGyuan/Black Cat/summer-01.jpg,summer-01.jpg,summer-01.jpg,,/ZHONGyuan/Black Cat/summer-01.jpg,1,['https://ik.imagekit.io/ZHONGyuan/ZHONGyuan/Black Cat/summer-01.jpg']
6a1189f35c7cd75eb866d515,File,tang-01.jpg - tang-01.jpg - 01,/ZHONGyuan/Black Cat/tang-01.jpg,2026-05-23T11:05:23.548Z,https://ik.imagekit.io/ZHONGyuan/ZHONGyuan/Black%20Cat/tang-01.jpg?updatedAt=1779534324030,jpg,339450,https://ik.imagekit.io/ZHONGyuan/ZHONGyuan/Black Cat/tang-01.jpg,tang-01.jpg,tang-01.jpg,,/ZHONGyuan/Black Cat/tang-01.jpg,1,['https://ik.imagekit.io/ZHONGyuan/ZHONGyuan/Black Cat/tang-01.jpg']
6a1189f35c7cd75eb866d444,File,tang-01_edited.jpg - tang-01_edited.jpg - 01,/ZHONGyuan/Black Cat/tang-01_edited.jpg,2026-05-23T11:05:23.356Z,https://ik.imagekit.io/ZHONGyuan/ZHONGyuan/Black%20Cat/tang-01_edited.jpg?updatedAt=1779534323943,jpg,129967,https://ik.imagekit.io/ZHONGyuan/ZHONGyuan/Black Cat/tang-01_edited.jpg,tang-01_edited.jpg,tang-01_edited.jpg,,/ZHONGyuan/Black Cat/tang-01_edited.jpg,1,['https://ik.imagekit.io/ZHONGyuan/ZHONGyuan/Black Cat/tang-01_edited.jpg']
6a1189f35c7cd75eb866d300,File,thegodofcookery-01.jpg - thegodofcookery-01.jpg - 01,/ZHONGyuan/Black Cat/thegodofcookery-01.jpg,2026-05-23T11:05:23.192Z,https://ik.imagekit.io/ZHONGyuan/ZHONGyuan/Black%20Cat/thegodofcookery-01.jpg?updatedAt=1779534323848,jpg,200037,https://ik.imagekit.io/ZHONGyuan/ZHONGyuan/Black Cat/thegodofcookery-01.jpg,thegodofcookery-01.jpg,thegodofcookery-01.jpg,,/ZHONGyuan/Black Cat/thegodofcookery-01.jpg,1,['https://ik.imagekit.io/ZHONGyuan/ZHONGyuan/Black Cat/thegodofcookery-01.jpg']
6a1189f35c7cd75eb866d2bb,File,thepastyear-01.jpg - thepastyear-01.jpg - 01,/ZHONGyuan/Black Cat/thepastyear-01.jpg,2026-05-23T11:05:23.146Z,https://ik.imagekit.io/ZHONGyuan/ZHONGyuan/Black%20Cat/thepastyear-01.jpg?updatedAt=1779534323744,jpg,118203,https://ik.imagekit.io/ZHONGyuan/ZHONGyuan/Black Cat/thepastyear-01.jpg,thepastyear-01.jpg,thepastyear-01.jpg,,/ZHONGyuan/Black Cat/thepastyear-01.jpg,1,['https://ik.imagekit.io/ZHONGyuan/ZHONGyuan/Black Cat/thepastyear-01.jpg']
6a1189f35c7cd75eb866d669,File,train-01.jpg - train-01.jpg - 01,/ZHONGyuan/Black Cat/train-01.jpg,2026-05-23T11:05:23.766Z,https://ik.imagekit.io/ZHONGyuan/ZHONGyuan/Black%20Cat/train-01.jpg?updatedAt=1779534324255,jpg,432529,https://ik.imagekit.io/ZHONGyuan/ZHONGyuan/Black Cat/train-01.jpg,train-01.jpg,train-01.jpg,,/ZHONGyuan/Black Cat/train-01.jpg,1,['https://ik.imagekit.io/ZHONGyuan/ZHONGyuan/Black Cat/train-01.jpg']
6a1189f35c7cd75eb866d6a4,File,treehole-01.jpg - treehole-01.jpg - 01,/ZHONGyuan/Black Cat/treehole-01.jpg,2026-05-23T11:05:23.767Z,https://ik.imagekit.io/ZHONGyuan/ZHONGyuan/Black%20Cat/treehole-01.jpg?updatedAt=1779534324398,jpg,407480,https://ik.imagekit.io/ZHONGyuan/ZHONGyuan/Black Cat/treehole-01.jpg,treehole-01.jpg,treehole-01.jpg,,/ZHONGyuan/Black Cat/treehole-01.jpg,1,['https://ik.imagekit.io/ZHONGyuan/ZHONGyuan/Black Cat/treehole-01.jpg']
6a1189f35c7cd75eb866d5e4,File,zzz-01.jpg - zzz-01.jpg - 01,/ZHONGyuan/Black Cat/zzz-01.jpg,2026-05-23T11:05:23.492Z,https://ik.imagekit.io/ZHONGyuan/ZHONGyuan/Black%20Cat/zzz-01.jpg?updatedAt=1779534324401,jpg,164782,https://ik.imagekit.io/ZHONGyuan/ZHONGyuan/Black Cat/zzz-01.jpg,zzz-01.jpg,zzz-01.jpg,,/ZHONGyuan/Black Cat/zzz-01.jpg,1,['https://ik.imagekit.io/ZHONGyuan/ZHONGyuan/Black Cat/zzz-01.jpg']
6a118a435c7cd75eb86873a3,File,1-a7af064b34f74b62bcd47d1ac744adfa.png - 1-a7af064b34f74b62bcd47d1ac744adfa.png - 01,/ZHONGyuan/CIGG-Z/1-a7af064b34f74b62bcd47d1ac744adfa.png,2026-05-23T11:06:42.879Z,https://ik.imagekit.io/ZHONGyuan/ZHONGyuan/CIGG-Z/1-a7af064b34f74b62bcd47d1ac744adfa.png?updatedAt=1779534404348,png,3548270,https://ik.imagekit.io/ZHONGyuan/ZHONGyuan/CIGG-Z/1-a7af064b34f74b62bcd47d1ac744adfa.png,1-a7af064b34f74b62bcd47d1ac744adfa.png,1-a7af064b34f74b62bcd47d1ac744adfa.png,,/ZHONGyuan/CIGG-Z/1-a7af064b34f74b62bcd47d1ac744adfa.png,1,['https://ik.imagekit.io/ZHONGyuan/ZHONGyuan/CIGG-Z/1-a7af064b34f74b62bcd47d1ac744adfa.png']
6a118a425c7cd75eb8687009,File,1.1.png - 1.1.png - 01,/ZHONGyuan/CIGG-Z/1.1.png,2026-05-23T11:06:42.571Z,https://ik.imagekit.io/ZHONGyuan/ZHONGyuan/CIGG-Z/1.1.png?updatedAt=1779534403851,png,981483,https://ik.imagekit.io/ZHONGyuan/ZHONGyuan/CIGG-Z/1.1.png,1.1.png,1.1.png,,/ZHONGyuan/CIGG-Z/1.1.png,1,['https://ik.imagekit.io/ZHONGyuan/ZHONGyuan/CIGG-Z/1.1.png']
6a118a435c7cd75eb86875f1,File,2.png - 2.png - 01,/ZHONGyuan/CIGG-Z/2.png,2026-05-23T11:06:43.153Z,https://ik.imagekit.io/ZHONGyuan/ZHONGyuan/CIGG-Z/2.png?updatedAt=1779534404610,png,5828662,https://ik.imagekit.io/ZHONGyuan/ZHONGyuan/CIGG-Z/2.png,2.png,2.png,,/ZHONGyuan/CIGG-Z/2.png,1,['https://ik.imagekit.io/ZHONGyuan/ZHONGyuan/CIGG-Z/2.png']
6a118a435c7cd75eb86875fe,File,3.png - 3.png - 01,/ZHONGyuan/CIGG-Z/3.png,2026-05-23T11:06:43.161Z,https://ik.imagekit.io/ZHONGyuan/ZHONGyuan/CIGG-Z/3.png?updatedAt=1779534404815,png,7121032,https://ik.imagekit.io/ZHONGyuan/ZHONGyuan/CIGG-Z/3.png,3.png,3.png,,/ZHONGyuan/CIGG-Z/3.png,1,['https://ik.imagekit.io/ZHONGyuan/ZHONGyuan/CIGG-Z/3.png']
6a118a425c7cd75eb8687379,File,4.png - 4.png - 01,/ZHONGyuan/CIGG-Z/4.png,2026-05-23T11:06:42.830Z,https://ik.imagekit.io/ZHONGyuan/ZHONGyuan/CIGG-Z/4.png?updatedAt=1779534404302,png,3103549,https://ik.imagekit.io/ZHONGyuan/ZHONGyuan/CIGG-Z/4.png,4.png,4.png,,/ZHONGyuan/CIGG-Z/4.png,1,['https://ik.imagekit.io/ZHONGyuan/ZHONGyuan/CIGG-Z/4.png']
6a118a435c7cd75eb868758c,File,5-fa1c67d733c44a4b9a6da505af59a74a.png - 5-fa1c67d733c44a4b9a6da505af59a74a.png - 01,/ZHONGyuan/CIGG-Z/5-fa1c67d733c44a4b9a6da505af59a74a.png,2026-05-23T11:06:43.115Z,https://ik.imagekit.io/ZHONGyuan/ZHONGyuan/CIGG-Z/5-fa1c67d733c44a4b9a6da505af59a74a.png?updatedAt=1779534404683,png,5711875,https://ik.imagekit.io/ZHONGyuan/ZHONGyuan/CIGG-Z/5-fa1c67d733c44a4b9a6da505af59a74a.png,5-fa1c67d733c44a4b9a6da505af59a74a.png,5-fa1c67d733c44a4b9a6da505af59a74a.png,,/ZHONGyuan/CIGG-Z/5-fa1c67d733c44a4b9a6da505af59a74a.png,1,['https://ik.imagekit.io/ZHONGyuan/ZHONGyuan/CIGG-Z/5-fa1c67d733c44a4b9a6da505af59a74a.png']
6a118a425c7cd75eb8686de3,File,Adobe XD 2020_1_12 23_09_07.png - Adobe XD 2020_1_12 23_09_07.png - 01,/ZHONGyuan/CIGG-Z/Adobe XD 2020_1_12 23_09_07.png,2026-05-23T11:06:42.476Z,https://ik.imagekit.io/ZHONGyuan/ZHONGyuan/CIGG-Z/Adobe%20XD%202020_1_12%2023_09_07.png?updatedAt=1779534402931,png,53698,https://ik.imagekit.io/ZHONGyuan/ZHONGyuan/CIGG-Z/Adobe XD 2020_1_12 23_09_07.png,Adobe XD 2020_1_12 23_09_07.png,Adobe XD 2020_1_12 23_09_07.png,,/ZHONGyuan/CIGG-Z/Adobe XD 2020_1_12 23_09_07.png,1,['https://ik.imagekit.io/ZHONGyuan/ZHONGyuan/CIGG-Z/Adobe XD 2020_1_12 23_09_07.png']
6a118a425c7cd75eb8686e2a,File,CIGG-Z_202020_1_12_2021_46_41_edited.jpg - CIGG-Z_202020_1_12_2021_46_41_edited.jpg - 01,/ZHONGyuan/CIGG-Z/CIGG-Z_202020_1_12_2021_46_41_edited.jpg,2026-05-23T11:06:42.491Z,https://ik.imagekit.io/ZHONGyuan/ZHONGyuan/CIGG-Z/CIGG-Z_202020_1_12_2021_46_41_edited.jpg?updatedAt=1779534402913,jpg,108689,https://ik.imagekit.io/ZHONGyuan/ZHONGyuan/CIGG-Z/CIGG-Z_202020_1_12_2021_46_41_edited.jpg,CIGG-Z_202020_1_12_2021_46_41_edited.jpg,CIGG-Z_202020_1_12_2021_46_41_edited.jpg,,/ZHONGyuan/CIGG-Z/CIGG-Z_202020_1_12_2021_46_41_edited.jpg,1,['https://ik.imagekit.io/ZHONGyuan/ZHONGyuan/CIGG-Z/CIGG-Z_202020_1_12_2021_46_41_edited.jpg']
6a118a425c7cd75eb8686ead,File,CIGGZN.png - CIGGZN.png - 01,/ZHONGyuan/CIGG-Z/CIGGZN.png,2026-05-23T11:06:42.512Z,https://ik.imagekit.io/ZHONGyuan/ZHONGyuan/CIGG-Z/CIGGZN.png?updatedAt=1779534402943,png,156751,https://ik.imagekit.io/ZHONGyuan/ZHONGyuan/CIGG-Z/CIGGZN.png,CIGGZN.png,CIGGZN.png,,/ZHONGyuan/CIGG-Z/CIGGZN.png,1,['https://ik.imagekit.io/ZHONGyuan/ZHONGyuan/CIGG-Z/CIGGZN.png']
6a118a425c7cd75eb8686e10,File,iconb.png - iconb.png - 01,/ZHONGyuan/CIGG-Z/iconb.png,2026-05-23T11:06:42.483Z,https://ik.imagekit.io/ZHONGyuan/ZHONGyuan/CIGG-Z/iconb.png?updatedAt=1779534402913,png,61861,https://ik.imagekit.io/ZHONGyuan/ZHONGyuan/CIGG-Z/iconb.png,iconb.png,iconb.png,,/ZHONGyuan/CIGG-Z/iconb.png,1,['https://ik.imagekit.io/ZHONGyuan/ZHONGyuan/CIGG-Z/iconb.png']
6a118a425c7cd75eb8686dfe,File,pb5.png - pb5.png - 01,/ZHONGyuan/CIGG-Z/pb5.png,2026-05-23T11:06:42.486Z,https://ik.imagekit.io/ZHONGyuan/ZHONGyuan/CIGG-Z/pb5.png?updatedAt=1779534402905,png,27476,https://ik.imagekit.io/ZHONGyuan/ZHONGyuan/CIGG-Z/pb5.png,pb5.png,pb5.png,,/ZHONGyuan/CIGG-Z/pb5.png,1,['https://ik.imagekit.io/ZHONGyuan/ZHONGyuan/CIGG-Z/pb5.png']
6a118a425c7cd75eb8686ddd,File,pg2.png - pg2.png - 01,/ZHONGyuan/CIGG-Z/pg2.png,2026-05-23T11:06:42.475Z,https://ik.imagekit.io/ZHONGyuan/ZHONGyuan/CIGG-Z/pg2.png?updatedAt=1779534402905,png,30254,https://ik.imagekit.io/ZHONGyuan/ZHONGyuan/CIGG-Z/pg2.png,pg2.png,pg2.png,,/ZHONGyuan/CIGG-Z/pg2.png,1,['https://ik.imagekit.io/ZHONGyuan/ZHONGyuan/CIGG-Z/pg2.png']
6a118a425c7cd75eb8686de6,File,po1.png - po1.png - 01,/ZHONGyuan/CIGG-Z/po1.png,2026-05-23T11:06:42.478Z,https://ik.imagekit.io/ZHONGyuan/ZHONGyuan/CIGG-Z/po1.png?updatedAt=1779534402925,png,30719,https://ik.imagekit.io/ZHONGyuan/ZHONGyuan/CIGG-Z/po1.png,po1.png,po1.png,,/ZHONGyuan/CIGG-Z/po1.png,1,['https://ik.imagekit.io/ZHONGyuan/ZHONGyuan/CIGG-Z/po1.png']
6a118a425c7cd75eb8686dd6,File,pr4.png - pr4.png - 01,/ZHONGyuan/CIGG-Z/pr4.png,2026-05-23T11:06:42.466Z,https://ik.imagekit.io/ZHONGyuan/ZHONGyuan/CIGG-Z/pr4.png?updatedAt=1779534402895,png,24854,https://ik.imagekit.io/ZHONGyuan/ZHONGyuan/CIGG-Z/pr4.png,pr4.png,pr4.png,,/ZHONGyuan/CIGG-Z/pr4.png,1,['https://ik.imagekit.io/ZHONGyuan/ZHONGyuan/CIGG-Z/pr4.png']
6a118a425c7cd75eb8686e49,File,py3.png - py3.png - 01,/ZHONGyuan/CIGG-Z/py3.png,2026-05-23T11:06:42.498Z,https://ik.imagekit.io/ZHONGyuan/ZHONGyuan/CIGG-Z/py3.png?updatedAt=1779534402939,png,30523,https://ik.imagekit.io/ZHONGyuan/ZHONGyuan/CIGG-Z/py3.png,py3.png,py3.png,,/ZHONGyuan/CIGG-Z/py3.png,1,['https://ik.imagekit.io/ZHONGyuan/ZHONGyuan/CIGG-Z/py3.png']
6a118a425c7cd75eb8686eae,File,鐢绘澘 6.png - 鐢绘澘 6.png - 01,/ZHONGyuan/CIGG-Z/鐢绘澘 6.png,2026-05-23T11:06:42.512Z,https://ik.imagekit.io/ZHONGyuan/ZHONGyuan/CIGG-Z/%E7%94%BB%E6%9D%BF%206.png?updatedAt=1779534402991,png,155523,https://ik.imagekit.io/ZHONGyuan/ZHONGyuan/CIGG-Z/鐢绘澘 6.png,鐢绘澘 6.png,鐢绘澘 6.png,,/ZHONGyuan/CIGG-Z/鐢绘澘 6.png,1,['https://ik.imagekit.io/ZHONGyuan/ZHONGyuan/CIGG-Z/鐢绘澘 6.png']
6a118a895c7cd75eb869ce7f,File,CD.png - CD.png - 01,/ZHONGyuan/Dance Battle/CD.png,2026-05-23T11:07:53.129Z,https://ik.imagekit.io/ZHONGyuan/ZHONGyuan/Dance%20Battle/CD.png?updatedAt=1779534473828,png,1011730,https://ik.imagekit.io/ZHONGyuan/ZHONGyuan/Dance Battle/CD.png,CD.png,CD.png,,/ZHONGyuan/Dance Battle/CD.png,1,['https://ik.imagekit.io/ZHONGyuan/ZHONGyuan/Dance Battle/CD.png']
6a118a8c5c7cd75eb869e6b2,File,DB_CNC1.0.pdf - DB_CNC1.0.pdf - 01,/ZHONGyuan/Dance Battle/DB_CNC1.0.pdf,2026-05-23T11:07:56.483Z,https://ik.imagekit.io/ZHONGyuan/ZHONGyuan/Dance%20Battle/DB_CNC1.0.pdf?updatedAt=1779534478382,pdf,16944152,https://ik.imagekit.io/ZHONGyuan/ZHONGyuan/Dance Battle/DB_CNC1.0.pdf,DB_CNC1.0.pdf,DB_CNC1.0.pdf,,/ZHONGyuan/Dance Battle/DB_CNC1.0.pdf,1,['https://ik.imagekit.io/ZHONGyuan/ZHONGyuan/Dance Battle/DB_CNC1.0.pdf']
6a118a895c7cd75eb869ce96,File,DB_CNC1.0_椤甸潰_01.png - DB_CNC1.0_椤甸潰_01.png - 01,/ZHONGyuan/Dance Battle/DB_CNC1.0_椤甸潰_01.png,2026-05-23T11:07:53.135Z,https://ik.imagekit.io/ZHONGyuan/ZHONGyuan/Dance%20Battle/DB_CNC1.0_%E9%A1%B5%E9%9D%A2_01.png?updatedAt=1779534474054,png,913575,https://ik.imagekit.io/ZHONGyuan/ZHONGyuan/Dance Battle/DB_CNC1.0_椤甸潰_01.png,DB_CNC1.0_椤甸潰_01.png,DB_CNC1.0_椤甸潰_01.png,,/ZHONGyuan/Dance Battle/DB_CNC1.0_椤甸潰_01.png,1,['https://ik.imagekit.io/ZHONGyuan/ZHONGyuan/Dance Battle/DB_CNC1.0_椤甸潰_01.png']
6a118a895c7cd75eb869d3f8,File,DB_CNC1.0_椤甸潰_17.png - DB_CNC1.0_椤甸潰_17.png - 01,/ZHONGyuan/Dance Battle/DB_CNC1.0_椤甸潰_17.png,2026-05-23T11:07:53.829Z,https://ik.imagekit.io/ZHONGyuan/ZHONGyuan/Dance%20Battle/DB_CNC1.0_%E9%A1%B5%E9%9D%A2_17.png?updatedAt=1779534475076,png,4342495,https://ik.imagekit.io/ZHONGyuan/ZHONGyuan/Dance Battle/DB_CNC1.0_椤甸潰_17.png,DB_CNC1.0_椤甸潰_17.png,DB_CNC1.0_椤甸潰_17.png,,/ZHONGyuan/Dance Battle/DB_CNC1.0_椤甸潰_17.png,1,['https://ik.imagekit.io/ZHONGyuan/ZHONGyuan/Dance Battle/DB_CNC1.0_椤甸潰_17.png']
6a118a895c7cd75eb869d3bc,File,DB_CNC1.0_椤甸潰_18.png - DB_CNC1.0_椤甸潰_18.png - 01,/ZHONGyuan/Dance Battle/DB_CNC1.0_椤甸潰_18.png,2026-05-23T11:07:53.748Z,https://ik.imagekit.io/ZHONGyuan/ZHONGyuan/Dance%20Battle/DB_CNC1.0_%E9%A1%B5%E9%9D%A2_18.png?updatedAt=1779534474474,png,2616521,https://ik.imagekit.io/ZHONGyuan/ZHONGyuan/Dance Battle/DB_CNC1.0_椤甸潰_18.png,DB_CNC1.0_椤甸潰_18.png,DB_CNC1.0_椤甸潰_18.png,,/ZHONGyuan/Dance Battle/DB_CNC1.0_椤甸潰_18.png,1,['https://ik.imagekit.io/ZHONGyuan/ZHONGyuan/Dance Battle/DB_CNC1.0_椤甸潰_18.png']
6a118a895c7cd75eb869d41e,File,DB_CNC1.0_椤甸潰_19.png - DB_CNC1.0_椤甸潰_19.png - 01,/ZHONGyuan/Dance Battle/DB_CNC1.0_椤甸潰_19.png,2026-05-23T11:07:53.841Z,https://ik.imagekit.io/ZHONGyuan/ZHONGyuan/Dance%20Battle/DB_CNC1.0_%E9%A1%B5%E9%9D%A2_19.png?updatedAt=1779534475103,png,3732988,https://ik.imagekit.io/ZHONGyuan/ZHONGyuan/Dance Battle/DB_CNC1.0_椤甸潰_19.png,DB_CNC1.0_椤甸潰_19.png,DB_CNC1.0_椤甸潰_19.png,,/ZHONGyuan/Dance Battle/DB_CNC1.0_椤甸潰_19.png,1,['https://ik.imagekit.io/ZHONGyuan/ZHONGyuan/Dance Battle/DB_CNC1.0_椤甸潰_19.png']
6a118a895c7cd75eb869d10b,File,Flamenco_鐢绘澘 1.png - Flamenco_鐢绘澘 1.png - 01,/ZHONGyuan/Dance Battle/Flamenco_鐢绘澘 1.png,2026-05-23T11:07:53.361Z,https://ik.imagekit.io/ZHONGyuan/ZHONGyuan/Dance%20Battle/Flamenco_%E7%94%BB%E6%9D%BF%201.png?updatedAt=1779534474408,png,813275,https://ik.imagekit.io/ZHONGyuan/ZHONGyuan/Dance Battle/Flamenco_鐢绘澘 1.png,Flamenco_鐢绘澘 1.png,Flamenco_鐢绘澘 1.png,,/ZHONGyuan/Dance Battle/Flamenco_鐢绘澘 1.png,1,['https://ik.imagekit.io/ZHONGyuan/ZHONGyuan/Dance Battle/Flamenco_鐢绘澘 1.png']
6a118a895c7cd75eb869d0bf,File,a.png - a.png - 01,/ZHONGyuan/Dance Battle/a.png,2026-05-23T11:07:53.326Z,https://ik.imagekit.io/ZHONGyuan/ZHONGyuan/Dance%20Battle/a.png?updatedAt=1779534473953,png,405486,https://ik.imagekit.io/ZHONGyuan/ZHONGyuan/Dance Battle/a.png,a.png,a.png,,/ZHONGyuan/Dance Battle/a.png,1,['https://ik.imagekit.io/ZHONGyuan/ZHONGyuan/Dance Battle/a.png']
6a118a895c7cd75eb869d0c9,File,atk_fa1.0.gif - atk_fa1.0.gif - 01,/ZHONGyuan/Dance Battle/atk_fa1.0.gif,2026-05-23T11:07:53.336Z,https://ik.imagekit.io/ZHONGyuan/ZHONGyuan/Dance%20Battle/atk_fa1.0.gif?updatedAt=1779534473969,gif,568840,https://ik.imagekit.io/ZHONGyuan/ZHONGyuan/Dance Battle/atk_fa1.0.gif,atk_fa1.0.gif,atk_fa1.0.gif,,/ZHONGyuan/Dance Battle/atk_fa1.0.gif,1,['https://ik.imagekit.io/ZHONGyuan/ZHONGyuan/Dance Battle/atk_fa1.0.gif']
6a118a885c7cd75eb869ca7c,File,atk_fa1.2.gif - atk_fa1.2.gif - 01,/ZHONGyuan/Dance Battle/atk_fa1.2.gif,2026-05-23T11:07:52.788Z,https://ik.imagekit.io/ZHONGyuan/ZHONGyuan/Dance%20Battle/atk_fa1.2.gif?updatedAt=1779534473322,gif,587971,https://ik.imagekit.io/ZHONGyuan/ZHONGyuan/Dance Battle/atk_fa1.2.gif,atk_fa1.2.gif,atk_fa1.2.gif,,/ZHONGyuan/Dance Battle/atk_fa1.2.gif,1,['https://ik.imagekit.io/ZHONGyuan/ZHONGyuan/Dance Battle/atk_fa1.2.gif']
6a118a895c7cd75eb869cb53,File,atk_fa2.0.gif - atk_fa2.0.gif - 01,/ZHONGyuan/Dance Battle/atk_fa2.0.gif,2026-05-23T11:07:52.878Z,https://ik.imagekit.io/ZHONGyuan/ZHONGyuan/Dance%20Battle/atk_fa2.0.gif?updatedAt=1779534473400,gif,336532,https://ik.imagekit.io/ZHONGyuan/ZHONGyuan/Dance Battle/atk_fa2.0.gif,atk_fa2.0.gif,atk_fa2.0.gif,,/ZHONGyuan/Dance Battle/atk_fa2.0.gif,1,['https://ik.imagekit.io/ZHONGyuan/ZHONGyuan/Dance Battle/atk_fa2.0.gif']
6a118a885c7cd75eb869ca44,File,atk_fb1.1.gif - atk_fb1.1.gif - 01,/ZHONGyuan/Dance Battle/atk_fb1.1.gif,2026-05-23T11:07:52.790Z,https://ik.imagekit.io/ZHONGyuan/ZHONGyuan/Dance%20Battle/atk_fb1.1.gif?updatedAt=1779534473317,gif,644841,https://ik.imagekit.io/ZHONGyuan/ZHONGyuan/Dance Battle/atk_fb1.1.gif,atk_fb1.1.gif,atk_fb1.1.gif,,/ZHONGyuan/Dance Battle/atk_fb1.1.gif,1,['https://ik.imagekit.io/ZHONGyuan/ZHONGyuan/Dance Battle/atk_fb1.1.gif']
6a118a885c7cd75eb869ca0f,File,atk_fb2.0.gif - atk_fb2.0.gif - 01,/ZHONGyuan/Dance Battle/atk_fb2.0.gif,2026-05-23T11:07:52.781Z,https://ik.imagekit.io/ZHONGyuan/ZHONGyuan/Dance%20Battle/atk_fb2.0.gif?updatedAt=1779534473323,gif,370576,https://ik.imagekit.io/ZHONGyuan/ZHONGyuan/Dance Battle/atk_fb2.0.gif,atk_fb2.0.gif,atk_fb2.0.gif,,/ZHONGyuan/Dance Battle/atk_fb2.0.gif,1,['https://ik.imagekit.io/ZHONGyuan/ZHONGyuan/Dance Battle/atk_fb2.0.gif']
6a118a885c7cd75eb869c9f0,File,atk_fc1.0.gif - atk_fc1.0.gif - 01,/ZHONGyuan/Dance Battle/atk_fc1.0.gif,2026-05-23T11:07:52.778Z,https://ik.imagekit.io/ZHONGyuan/ZHONGyuan/Dance%20Battle/atk_fc1.0.gif?updatedAt=1779534473321,gif,353796,https://ik.imagekit.io/ZHONGyuan/ZHONGyuan/Dance Battle/atk_fc1.0.gif,atk_fc1.0.gif,atk_fc1.0.gif,,/ZHONGyuan/Dance Battle/atk_fc1.0.gif,1,['https://ik.imagekit.io/ZHONGyuan/ZHONGyuan/Dance Battle/atk_fc1.0.gif']
6a118a895c7cd75eb869cbaf,File,atk_fc2.0.gif - atk_fc2.0.gif - 01,/ZHONGyuan/Dance Battle/atk_fc2.0.gif,2026-05-23T11:07:52.927Z,https://ik.imagekit.io/ZHONGyuan/ZHONGyuan/Dance%20Battle/atk_fc2.0.gif?updatedAt=1779534473454,gif,199754,https://ik.imagekit.io/ZHONGyuan/ZHONGyuan/Dance Battle/atk_fc2.0.gif,atk_fc2.0.gif,atk_fc2.0.gif,,/ZHONGyuan/Dance Battle/atk_fc2.0.gif,1,['https://ik.imagekit.io/ZHONGyuan/ZHONGyuan/Dance Battle/atk_fc2.0.gif']
6a118a895c7cd75eb869cb5e,File,block2.0.png - block2.0.png - 01,/ZHONGyuan/Dance Battle/block2.0.png,2026-05-23T11:07:52.886Z,https://ik.imagekit.io/ZHONGyuan/ZHONGyuan/Dance%20Battle/block2.0.png?updatedAt=1779534473352,png,55527,https://ik.imagekit.io/ZHONGyuan/ZHONGyuan/Dance Battle/block2.0.png,block2.0.png,block2.0.png,,/ZHONGyuan/Dance Battle/block2.0.png,1,['https://ik.imagekit.io/ZHONGyuan/ZHONGyuan/Dance Battle/block2.0.png']
6a118a895c7cd75eb869cb58,File,dash1.0.gif - dash1.0.gif - 01,/ZHONGyuan/Dance Battle/dash1.0.gif,2026-05-23T11:07:52.884Z,https://ik.imagekit.io/ZHONGyuan/ZHONGyuan/Dance%20Battle/dash1.0.gif?updatedAt=1779534473397,gif,173377,https://ik.imagekit.io/ZHONGyuan/ZHONGyuan/Dance Battle/dash1.0.gif,dash1.0.gif,dash1.0.gif,,/ZHONGyuan/Dance Battle/dash1.0.gif,1,['https://ik.imagekit.io/ZHONGyuan/ZHONGyuan/Dance Battle/dash1.0.gif']
6a118a895c7cd75eb869cb4f,File,dash2.0.gif - dash2.0.gif - 01,/ZHONGyuan/Dance Battle/dash2.0.gif,2026-05-23T11:07:52.879Z,https://ik.imagekit.io/ZHONGyuan/ZHONGyuan/Dance%20Battle/dash2.0.gif?updatedAt=1779534473419,gif,103637,https://ik.imagekit.io/ZHONGyuan/ZHONGyuan/Dance Battle/dash2.0.gif,dash2.0.gif,dash2.0.gif,,/ZHONGyuan/Dance Battle/dash2.0.gif,1,['https://ik.imagekit.io/ZHONGyuan/ZHONGyuan/Dance Battle/dash2.0.gif']
6a118a895c7cd75eb869cdec,File,fail_rise2.0.gif - fail_rise2.0.gif - 01,/ZHONGyuan/Dance Battle/fail_rise2.0.gif,2026-05-23T11:07:53.057Z,https://ik.imagekit.io/ZHONGyuan/ZHONGyuan/Dance%20Battle/fail_rise2.0.gif?updatedAt=1779534473575,gif,124092,https://ik.imagekit.io/ZHONGyuan/ZHONGyuan/Dance Battle/fail_rise2.0.gif,fail_rise2.0.gif,fail_rise2.0.gif,,/ZHONGyuan/Dance Battle/fail_rise2.0.gif,1,['https://ik.imagekit.io/ZHONGyuan/ZHONGyuan/Dance Battle/fail_rise2.0.gif']
6a118a895c7cd75eb869ce9a,File,falling1.gif - falling1.gif - 01,/ZHONGyuan/Dance Battle/falling1.gif,2026-05-23T11:07:53.140Z,https://ik.imagekit.io/ZHONGyuan/ZHONGyuan/Dance%20Battle/falling1.gif?updatedAt=1779534473702,gif,468802,https://ik.imagekit.io/ZHONGyuan/ZHONGyuan/Dance Battle/falling1.gif,falling1.gif,falling1.gif,,/ZHONGyuan/Dance Battle/falling1.gif,1,['https://ik.imagekit.io/ZHONGyuan/ZHONGyuan/Dance Battle/falling1.gif']
6a118a895c7cd75eb869ce90,File,flamenco1024.png - flamenco1024.png - 01,/ZHONGyuan/Dance Battle/flamenco1024.png,2026-05-23T11:07:53.136Z,https://ik.imagekit.io/ZHONGyuan/ZHONGyuan/Dance%20Battle/flamenco1024.png?updatedAt=1779534473589,png,100099,https://ik.imagekit.io/ZHONGyuan/ZHONGyuan/Dance Battle/flamenco1024.png,flamenco1024.png,flamenco1024.png,,/ZHONGyuan/Dance Battle/flamenco1024.png,1,['https://ik.imagekit.io/ZHONGyuan/ZHONGyuan/Dance Battle/flamenco1024.png']
6a118a895c7cd75eb869ce82,File,hit1.gif - hit1.gif - 01,/ZHONGyuan/Dance Battle/hit1.gif,2026-05-23T11:07:53.131Z,https://ik.imagekit.io/ZHONGyuan/ZHONGyuan/Dance%20Battle/hit1.gif?updatedAt=1779534473640,gif,106950,https://ik.imagekit.io/ZHONGyuan/ZHONGyuan/Dance Battle/hit1.gif,hit1.gif,hit1.gif,,/ZHONGyuan/Dance Battle/hit1.gif,1,['https://ik.imagekit.io/ZHONGyuan/ZHONGyuan/Dance Battle/hit1.gif']
6a118a895c7cd75eb869cde6,File,hit2.0.png - hit2.0.png - 01,/ZHONGyuan/Dance Battle/hit2.0.png,2026-05-23T11:07:53.057Z,https://ik.imagekit.io/ZHONGyuan/ZHONGyuan/Dance%20Battle/hit2.0.png?updatedAt=1779534473493,png,59645,https://ik.imagekit.io/ZHONGyuan/ZHONGyuan/Dance Battle/hit2.0.png,hit2.0.png,hit2.0.png,,/ZHONGyuan/Dance Battle/hit2.0.png,1,['https://ik.imagekit.io/ZHONGyuan/ZHONGyuan/Dance Battle/hit2.0.png']
6a118a895c7cd75eb869d018,File,idle2.0.gif - idle2.0.gif - 01,/ZHONGyuan/Dance Battle/idle2.0.gif,2026-05-23T11:07:53.235Z,https://ik.imagekit.io/ZHONGyuan/ZHONGyuan/Dance%20Battle/idle2.0.gif?updatedAt=1779534473782,gif,243760,https://ik.imagekit.io/ZHONGyuan/ZHONGyuan/Dance Battle/idle2.0.gif,idle2.0.gif,idle2.0.gif,,/ZHONGyuan/Dance Battle/idle2.0.gif,1,['https://ik.imagekit.io/ZHONGyuan/ZHONGyuan/Dance Battle/idle2.0.gif']
6a118a895c7cd75eb869d011,File,idle_f.gif - idle_f.gif - 01,/ZHONGyuan/Dance Battle/idle_f.gif,2026-05-23T11:07:53.229Z,https://ik.imagekit.io/ZHONGyuan/ZHONGyuan/Dance%20Battle/idle_f.gif?updatedAt=1779534473873,gif,348951,https://ik.imagekit.io/ZHONGyuan/ZHONGyuan/Dance Battle/idle_f.gif,idle_f.gif,idle_f.gif,,/ZHONGyuan/Dance Battle/idle_f.gif,1,['https://ik.imagekit.io/ZHONGyuan/ZHONGyuan/Dance Battle/idle_f.gif']
6a118a895c7cd75eb869d030,File,idle_f1.1.gif - idle_f1.1.gif - 01,/ZHONGyuan/Dance Battle/idle_f1.1.gif,2026-05-23T11:07:53.252Z,https://ik.imagekit.io/ZHONGyuan/ZHONGyuan/Dance%20Battle/idle_f1.1.gif?updatedAt=1779534473865,gif,351374,https://ik.imagekit.io/ZHONGyuan/ZHONGyuan/Dance Battle/idle_f1.1.gif,idle_f1.1.gif,idle_f1.1.gif,,/ZHONGyuan/Dance Battle/idle_f1.1.gif,1,['https://ik.imagekit.io/ZHONGyuan/ZHONGyuan/Dance Battle/idle_f1.1.gif']
6a118a895c7cd75eb869d084,File,idle_f1.3.gif - idle_f1.3.gif - 01,/ZHONGyuan/Dance Battle/idle_f1.3.gif,2026-05-23T11:07:53.293Z,https://ik.imagekit.io/ZHONGyuan/ZHONGyuan/Dance%20Battle/idle_f1.3.gif?updatedAt=1779534473823,gif,421151,https://ik.imagekit.io/ZHONGyuan/ZHONGyuan/Dance Battle/idle_f1.3.gif,idle_f1.3.gif,idle_f1.3.gif,,/ZHONGyuan/Dance Battle/idle_f1.3.gif,1,['https://ik.imagekit.io/ZHONGyuan/ZHONGyuan/Dance Battle/idle_f1.3.gif']
6a118a8c5c7cd75eb869e433,File,logo-05a875d18cfb487b98897bae26f1d2bb.gif - logo-05a875d18cfb487b98897bae26f1d2bb.gif - 01,/ZHONGyuan/Dance Battle/logo-05a875d18cfb487b98897bae26f1d2bb.gif,2026-05-23T11:07:55.985Z,https://ik.imagekit.io/ZHONGyuan/ZHONGyuan/Dance%20Battle/logo-05a875d18cfb487b98897bae26f1d2bb.gif?updatedAt=1779534477640,gif,13271499,https://ik.imagekit.io/ZHONGyuan/ZHONGyuan/Dance Battle/logo-05a875d18cfb487b98897bae26f1d2bb.gif,logo-05a875d18cfb487b98897bae26f1d2bb.gif,logo-05a875d18cfb487b98897bae26f1d2bb.gif,,/ZHONGyuan/Dance Battle/logo-05a875d18cfb487b98897bae26f1d2bb.gif,1,['https://ik.imagekit.io/ZHONGyuan/ZHONGyuan/Dance Battle/logo-05a875d18cfb487b98897bae26f1d2bb.gif']
6a118a8c5c7cd75eb869e3e4,File,logo.gif - logo.gif - 01,/ZHONGyuan/Dance Battle/logo.gif,2026-05-23T11:07:55.927Z,https://ik.imagekit.io/ZHONGyuan/ZHONGyuan/Dance%20Battle/logo.gif?updatedAt=1779534477416,gif,13271499,https://ik.imagekit.io/ZHONGyuan/ZHONGyuan/Dance Battle/logo.gif,logo.gif,logo.gif,,/ZHONGyuan/Dance Battle/logo.gif,1,['https://ik.imagekit.io/ZHONGyuan/ZHONGyuan/Dance Battle/logo.gif']
6a118a895c7cd75eb869d09f,File,logoDB1_鐢绘澘 1.png - logoDB1_鐢绘澘 1.png - 01,/ZHONGyuan/Dance Battle/logoDB1_鐢绘澘 1.png,2026-05-23T11:07:53.319Z,https://ik.imagekit.io/ZHONGyuan/ZHONGyuan/Dance%20Battle/logoDB1_%E7%94%BB%E6%9D%BF%201.png?updatedAt=1779534473948,png,567076,https://ik.imagekit.io/ZHONGyuan/ZHONGyuan/Dance Battle/logoDB1_鐢绘澘 1.png,logoDB1_鐢绘澘 1.png,logoDB1_鐢绘澘 1.png,,/ZHONGyuan/Dance Battle/logoDB1_鐢绘澘 1.png,1,['https://ik.imagekit.io/ZHONGyuan/ZHONGyuan/Dance Battle/logoDB1_鐢绘澘 1.png']
6a118a895c7cd75eb869ce86,File,projectile_fort2.0.gif - projectile_fort2.0.gif - 01,/ZHONGyuan/Dance Battle/projectile_fort2.0.gif,2026-05-23T11:07:53.129Z,https://ik.imagekit.io/ZHONGyuan/ZHONGyuan/Dance%20Battle/projectile_fort2.0.gif?updatedAt=1779534473644,gif,74273,https://ik.imagekit.io/ZHONGyuan/ZHONGyuan/Dance Battle/projectile_fort2.0.gif,projectile_fort2.0.gif,projectile_fort2.0.gif,,/ZHONGyuan/Dance Battle/projectile_fort2.0.gif,1,['https://ik.imagekit.io/ZHONGyuan/ZHONGyuan/Dance Battle/projectile_fort2.0.gif']
6a118a895c7cd75eb869ce87,File,projectile_leger2.0.gif - projectile_leger2.0.gif - 01,/ZHONGyuan/Dance Battle/projectile_leger2.0.gif,2026-05-23T11:07:53.133Z,https://ik.imagekit.io/ZHONGyuan/ZHONGyuan/Dance%20Battle/projectile_leger2.0.gif?updatedAt=1779534473703,gif,14333,https://ik.imagekit.io/ZHONGyuan/ZHONGyuan/Dance Battle/projectile_leger2.0.gif,projectile_leger2.0.gif,projectile_leger2.0.gif,,/ZHONGyuan/Dance Battle/projectile_leger2.0.gif,1,['https://ik.imagekit.io/ZHONGyuan/ZHONGyuan/Dance Battle/projectile_leger2.0.gif']
6a118a895c7cd75eb869ce1e,File,projectile_moyenne2.0.gif - projectile_moyenne2.0.gif - 01,/ZHONGyuan/Dance Battle/projectile_moyenne2.0.gif,2026-05-23T11:07:53.068Z,https://ik.imagekit.io/ZHONGyuan/ZHONGyuan/Dance%20Battle/projectile_moyenne2.0.gif?updatedAt=1779534473602,gif,27557,https://ik.imagekit.io/ZHONGyuan/ZHONGyuan/Dance Battle/projectile_moyenne2.0.gif,projectile_moyenne2.0.gif,projectile_moyenne2.0.gif,,/ZHONGyuan/Dance Battle/projectile_moyenne2.0.gif,1,['https://ik.imagekit.io/ZHONGyuan/ZHONGyuan/Dance Battle/projectile_moyenne2.0.gif']
6a118a895c7cd75eb869ce45,File,projectile_super2.0.gif - projectile_super2.0.gif - 01,/ZHONGyuan/Dance Battle/projectile_super2.0.gif,2026-05-23T11:07:53.086Z,https://ik.imagekit.io/ZHONGyuan/ZHONGyuan/Dance%20Battle/projectile_super2.0.gif?updatedAt=1779534473608,gif,71624,https://ik.imagekit.io/ZHONGyuan/ZHONGyuan/Dance Battle/projectile_super2.0.gif,projectile_super2.0.gif,projectile_super2.0.gif,,/ZHONGyuan/Dance Battle/projectile_super2.0.gif,1,['https://ik.imagekit.io/ZHONGyuan/ZHONGyuan/Dance Battle/projectile_super2.0.gif']
6a118a895c7cd75eb869d01e,File,run1.1.gif - run1.1.gif - 01,/ZHONGyuan/Dance Battle/run1.1.gif,2026-05-23T11:07:53.242Z,https://ik.imagekit.io/ZHONGyuan/ZHONGyuan/Dance%20Battle/run1.1.gif?updatedAt=1779534473828,gif,232976,https://ik.imagekit.io/ZHONGyuan/ZHONGyuan/Dance Battle/run1.1.gif,run1.1.gif,run1.1.gif,,/ZHONGyuan/Dance Battle/run1.1.gif,1,['https://ik.imagekit.io/ZHONGyuan/ZHONGyuan/Dance Battle/run1.1.gif']
6a118a895c7cd75eb869ce8f,File,run2.0.gif - run2.0.gif - 01,/ZHONGyuan/Dance Battle/run2.0.gif,2026-05-23T11:07:53.132Z,https://ik.imagekit.io/ZHONGyuan/ZHONGyuan/Dance%20Battle/run2.0.gif?updatedAt=1779534473668,gif,142019,https://ik.imagekit.io/ZHONGyuan/ZHONGyuan/Dance Battle/run2.0.gif,run2.0.gif,run2.0.gif,,/ZHONGyuan/Dance Battle/run2.0.gif,1,['https://ik.imagekit.io/ZHONGyuan/ZHONGyuan/Dance Battle/run2.0.gif']
6a118a895c7cd75eb869d021,File,sereleve1.gif - sereleve1.gif - 01,/ZHONGyuan/Dance Battle/sereleve1.gif,2026-05-23T11:07:53.244Z,https://ik.imagekit.io/ZHONGyuan/ZHONGyuan/Dance%20Battle/sereleve1.gif?updatedAt=1779534473777,gif,312707,https://ik.imagekit.io/ZHONGyuan/ZHONGyuan/Dance Battle/sereleve1.gif,sereleve1.gif,sereleve1.gif,,/ZHONGyuan/Dance Battle/sereleve1.gif,1,['https://ik.imagekit.io/ZHONGyuan/ZHONGyuan/Dance Battle/sereleve1.gif']
6a118a895c7cd75eb869d0a3,File,super1.0.gif - super1.0.gif - 01,/ZHONGyuan/Dance Battle/super1.0.gif,2026-05-23T11:07:53.321Z,https://ik.imagekit.io/ZHONGyuan/ZHONGyuan/Dance%20Battle/super1.0.gif?updatedAt=1779534473856,gif,487576,https://ik.imagekit.io/ZHONGyuan/ZHONGyuan/Dance Battle/super1.0.gif,super1.0.gif,super1.0.gif,,/ZHONGyuan/Dance Battle/super1.0.gif,1,['https://ik.imagekit.io/ZHONGyuan/ZHONGyuan/Dance Battle/super1.0.gif']
6a118a895c7cd75eb869cfb0,File,super2.0.gif - super2.0.gif - 01,/ZHONGyuan/Dance Battle/super2.0.gif,2026-05-23T11:07:53.222Z,https://ik.imagekit.io/ZHONGyuan/ZHONGyuan/Dance%20Battle/super2.0.gif?updatedAt=1779534473738,gif,276769,https://ik.imagekit.io/ZHONGyuan/ZHONGyuan/Dance Battle/super2.0.gif,super2.0.gif,super2.0.gif,,/ZHONGyuan/Dance Battle/super2.0.gif,1,['https://ik.imagekit.io/ZHONGyuan/ZHONGyuan/Dance Battle/super2.0.gif']
6a118a895c7cd75eb869d096,File,t.png - t.png - 01,/ZHONGyuan/Dance Battle/t.png,2026-05-23T11:07:53.303Z,https://ik.imagekit.io/ZHONGyuan/ZHONGyuan/Dance%20Battle/t.png?updatedAt=1779534473905,png,482417,https://ik.imagekit.io/ZHONGyuan/ZHONGyuan/Dance Battle/t.png,t.png,t.png,,/ZHONGyuan/Dance Battle/t.png,1,['https://ik.imagekit.io/ZHONGyuan/ZHONGyuan/Dance Battle/t.png']
6a118aaa5c7cd75eb86b2201,File,Tier2_01_.png - Tier2_01_.png - 01,/ZHONGyuan/Debond/Tier2_01_.png,2026-05-23T11:08:26.742Z,https://ik.imagekit.io/ZHONGyuan/ZHONGyuan/Debond/Tier2_01_.png?updatedAt=1779534507240,png,28231,https://ik.imagekit.io/ZHONGyuan/ZHONGyuan/Debond/Tier2_01_.png,Tier2_01_.png,Tier2_01_.png,,/ZHONGyuan/Debond/Tier2_01_.png,1,['https://ik.imagekit.io/ZHONGyuan/ZHONGyuan/Debond/Tier2_01_.png']
6a118aaa5c7cd75eb86b220b,File,Tier2_02_.png - Tier2_02_.png - 01,/ZHONGyuan/Debond/Tier2_02_.png,2026-05-23T11:08:26.749Z,https://ik.imagekit.io/ZHONGyuan/ZHONGyuan/Debond/Tier2_02_.png?updatedAt=1779534507239,png,25633,https://ik.imagekit.io/ZHONGyuan/ZHONGyuan/Debond/Tier2_02_.png,Tier2_02_.png,Tier2_02_.png,,/ZHONGyuan/Debond/Tier2_02_.png,1,['https://ik.imagekit.io/ZHONGyuan/ZHONGyuan/Debond/Tier2_02_.png']
6a118aaa5c7cd75eb86b2216,File,Tier2_03_.png - Tier2_03_.png - 01,/ZHONGyuan/Debond/Tier2_03_.png,2026-05-23T11:08:26.761Z,https://ik.imagekit.io/ZHONGyuan/ZHONGyuan/Debond/Tier2_03_.png?updatedAt=1779534507233,png,29184,https://ik.imagekit.io/ZHONGyuan/ZHONGyuan/Debond/Tier2_03_.png,Tier2_03_.png,Tier2_03_.png,,/ZHONGyuan/Debond/Tier2_03_.png,1,['https://ik.imagekit.io/ZHONGyuan/ZHONGyuan/Debond/Tier2_03_.png']
6a118aaa5c7cd75eb86b21f5,File,Tier2_04_.png - Tier2_04_.png - 01,/ZHONGyuan/Debond/Tier2_04_.png,2026-05-23T11:08:26.745Z,https://ik.imagekit.io/ZHONGyuan/ZHONGyuan/Debond/Tier2_04_.png?updatedAt=1779534507223,png,35505,https://ik.imagekit.io/ZHONGyuan/ZHONGyuan/Debond/Tier2_04_.png,Tier2_04_.png,Tier2_04_.png,,/ZHONGyuan/Debond/Tier2_04_.png,1,['https://ik.imagekit.io/ZHONGyuan/ZHONGyuan/Debond/Tier2_04_.png']
6a118aaa5c7cd75eb86b2212,File,Tier2_05_.png - Tier2_05_.png - 01,/ZHONGyuan/Debond/Tier2_05_.png,2026-05-23T11:08:26.754Z,https://ik.imagekit.io/ZHONGyuan/ZHONGyuan/Debond/Tier2_05_.png?updatedAt=1779534507221,png,21252,https://ik.imagekit.io/ZHONGyuan/ZHONGyuan/Debond/Tier2_05_.png,Tier2_05_.png,Tier2_05_.png,,/ZHONGyuan/Debond/Tier2_05_.png,1,['https://ik.imagekit.io/ZHONGyuan/ZHONGyuan/Debond/Tier2_05_.png']
6a118aaa5c7cd75eb86b21f1,File,Tier2_06_.png - Tier2_06_.png - 01,/ZHONGyuan/Debond/Tier2_06_.png,2026-05-23T11:08:26.739Z,https://ik.imagekit.io/ZHONGyuan/ZHONGyuan/Debond/Tier2_06_.png?updatedAt=1779534507216,png,18043,https://ik.imagekit.io/ZHONGyuan/ZHONGyuan/Debond/Tier2_06_.png,Tier2_06_.png,Tier2_06_.png,,/ZHONGyuan/Debond/Tier2_06_.png,1,['https://ik.imagekit.io/ZHONGyuan/ZHONGyuan/Debond/Tier2_06_.png']
6a118aaa5c7cd75eb86b2227,File,Tier2_07_.png - Tier2_07_.png - 01,/ZHONGyuan/Debond/Tier2_07_.png,2026-05-23T11:08:26.762Z,https://ik.imagekit.io/ZHONGyuan/ZHONGyuan/Debond/Tier2_07_.png?updatedAt=1779534507253,png,26635,https://ik.imagekit.io/ZHONGyuan/ZHONGyuan/Debond/Tier2_07_.png,Tier2_07_.png,Tier2_07_.png,,/ZHONGyuan/Debond/Tier2_07_.png,1,['https://ik.imagekit.io/ZHONGyuan/ZHONGyuan/Debond/Tier2_07_.png']
6a118aaa5c7cd75eb86b22b0,File,Tier2_08_.png - Tier2_08_.png - 01,/ZHONGyuan/Debond/Tier2_08_.png,2026-05-23T11:08:26.779Z,https://ik.imagekit.io/ZHONGyuan/ZHONGyuan/Debond/Tier2_08_.png?updatedAt=1779534507271,png,25262,https://ik.imagekit.io/ZHONGyuan/ZHONGyuan/Debond/Tier2_08_.png,Tier2_08_.png,Tier2_08_.png,,/ZHONGyuan/Debond/Tier2_08_.png,1,['https://ik.imagekit.io/ZHONGyuan/ZHONGyuan/Debond/Tier2_08_.png']
6a118aab5c7cd75eb86b2579,File,ZO20220706_web.png - ZO20220706_web.png - 01,/ZHONGyuan/Debond/ZO20220706_web.png,2026-05-23T11:08:26.900Z,https://ik.imagekit.io/ZHONGyuan/ZHONGyuan/Debond/ZO20220706_web.png?updatedAt=1779534507489,png,3581101,https://ik.imagekit.io/ZHONGyuan/ZHONGyuan/Debond/ZO20220706_web.png,ZO20220706_web.png,ZO20220706_web.png,,/ZHONGyuan/Debond/ZO20220706_web.png,1,['https://ik.imagekit.io/ZHONGyuan/ZHONGyuan/Debond/ZO20220706_web.png']
6a118aaa5c7cd75eb86b1d82,File,c1.1_0908_02_.png - c1.1_0908_02_.png - 01,/ZHONGyuan/Debond/c1.1_0908_02_.png,2026-05-23T11:08:26.422Z,https://ik.imagekit.io/ZHONGyuan/ZHONGyuan/Debond/c1.1_0908_02_.png?updatedAt=1779534506940,png,61623,https://ik.imagekit.io/ZHONGyuan/ZHONGyuan/Debond/c1.1_0908_02_.png,c1.1_0908_02_.png,c1.1_0908_02_.png,,/ZHONGyuan/Debond/c1.1_0908_02_.png,1,['https://ik.imagekit.io/ZHONGyuan/ZHONGyuan/Debond/c1.1_0908_02_.png']
6a118aaa5c7cd75eb86b21c1,File,c2.1_0915_03_.png - c2.1_0915_03_.png - 01,/ZHONGyuan/Debond/c2.1_0915_03_.png,2026-05-23T11:08:26.706Z,https://ik.imagekit.io/ZHONGyuan/ZHONGyuan/Debond/c2.1_0915_03_.png?updatedAt=1779534507158,png,65725,https://ik.imagekit.io/ZHONGyuan/ZHONGyuan/Debond/c2.1_0915_03_.png,c2.1_0915_03_.png,c2.1_0915_03_.png,,/ZHONGyuan/Debond/c2.1_0915_03_.png,1,['https://ik.imagekit.io/ZHONGyuan/ZHONGyuan/Debond/c2.1_0915_03_.png']
6a118aaa5c7cd75eb86b2206,File,c3.1_0915_02_.png - c3.1_0915_02_.png - 01,/ZHONGyuan/Debond/c3.1_0915_02_.png,2026-05-23T11:08:26.742Z,https://ik.imagekit.io/ZHONGyuan/ZHONGyuan/Debond/c3.1_0915_02_.png?updatedAt=1779534507203,png,62164,https://ik.imagekit.io/ZHONGyuan/ZHONGyuan/Debond/c3.1_0915_02_.png,c3.1_0915_02_.png,c3.1_0915_02_.png,,/ZHONGyuan/Debond/c3.1_0915_02_.png,1,['https://ik.imagekit.io/ZHONGyuan/ZHONGyuan/Debond/c3.1_0915_02_.png']
6a118aaa5c7cd75eb86b22af,File,c4.1_0922_02_.png - c4.1_0922_02_.png - 01,/ZHONGyuan/Debond/c4.1_0922_02_.png,2026-05-23T11:08:26.772Z,https://ik.imagekit.io/ZHONGyuan/ZHONGyuan/Debond/c4.1_0922_02_.png?updatedAt=1779534507289,png,75608,https://ik.imagekit.io/ZHONGyuan/ZHONGyuan/Debond/c4.1_0922_02_.png,c4.1_0922_02_.png,c4.1_0922_02_.png,,/ZHONGyuan/Debond/c4.1_0922_02_.png,1,['https://ik.imagekit.io/ZHONGyuan/ZHONGyuan/Debond/c4.1_0922_02_.png']
6a118aaa5c7cd75eb86b2314,File,c5.1_0922_02_.png - c5.1_0922_02_.png - 01,/ZHONGyuan/Debond/c5.1_0922_02_.png,2026-05-23T11:08:26.799Z,https://ik.imagekit.io/ZHONGyuan/ZHONGyuan/Debond/c5.1_0922_02_.png?updatedAt=1779534507263,png,143653,https://ik.imagekit.io/ZHONGyuan/ZHONGyuan/Debond/c5.1_0922_02_.png,c5.1_0922_02_.png,c5.1_0922_02_.png,,/ZHONGyuan/Debond/c5.1_0922_02_.png,1,['https://ik.imagekit.io/ZHONGyuan/ZHONGyuan/Debond/c5.1_0922_02_.png']
6a118aaa5c7cd75eb86b22dd,File,c6.1_0926_02_.png - c6.1_0926_02_.png - 01,/ZHONGyuan/Debond/c6.1_0926_02_.png,2026-05-23T11:08:26.792Z,https://ik.imagekit.io/ZHONGyuan/ZHONGyuan/Debond/c6.1_0926_02_.png?updatedAt=1779534507263,png,132762,https://ik.imagekit.io/ZHONGyuan/ZHONGyuan/Debond/c6.1_0926_02_.png,c6.1_0926_02_.png,c6.1_0926_02_.png,,/ZHONGyuan/Debond/c6.1_0926_02_.png,1,['https://ik.imagekit.io/ZHONGyuan/ZHONGyuan/Debond/c6.1_0926_02_.png']
6a118aaa5c7cd75eb86b2256,File,c7.1_0926_02_.png - c7.1_0926_02_.png - 01,/ZHONGyuan/Debond/c7.1_0926_02_.png,2026-05-23T11:08:26.772Z,https://ik.imagekit.io/ZHONGyuan/ZHONGyuan/Debond/c7.1_0926_02_.png?updatedAt=1779534507206,png,206176,https://ik.imagekit.io/ZHONGyuan/ZHONGyuan/Debond/c7.1_0926_02_.png,c7.1_0926_02_.png,c7.1_0926_02_.png,,/ZHONGyuan/Debond/c7.1_0926_02_.png,1,['https://ik.imagekit.io/ZHONGyuan/ZHONGyuan/Debond/c7.1_0926_02_.png']
6a118aaa5c7cd75eb86b232a,File,c8.1_0929_02_.png - c8.1_0929_02_.png - 01,/ZHONGyuan/Debond/c8.1_0929_02_.png,2026-05-23T11:08:26.795Z,https://ik.imagekit.io/ZHONGyuan/ZHONGyuan/Debond/c8.1_0929_02_.png?updatedAt=1779534507273,png,124579,https://ik.imagekit.io/ZHONGyuan/ZHONGyuan/Debond/c8.1_0929_02_.png,c8.1_0929_02_.png,c8.1_0929_02_.png,,/ZHONGyuan/Debond/c8.1_0929_02_.png,1,['https://ik.imagekit.io/ZHONGyuan/ZHONGyuan/Debond/c8.1_0929_02_.png']
6a118aaa5c7cd75eb86b21c9,File,debond0.png - debond0.png - 01,/ZHONGyuan/Debond/debond0.png,2026-05-23T11:08:26.711Z,https://ik.imagekit.io/ZHONGyuan/ZHONGyuan/Debond/debond0.png?updatedAt=1779534507206,png,17576,https://ik.imagekit.io/ZHONGyuan/ZHONGyuan/Debond/debond0.png,debond0.png,debond0.png,,/ZHONGyuan/Debond/debond0.png,1,['https://ik.imagekit.io/ZHONGyuan/ZHONGyuan/Debond/debond0.png']
6a118aab5c7cd75eb86b24b5,File,dogeD_鐢绘澘 1.png - dogeD_鐢绘澘 1.png - 01,/ZHONGyuan/Debond/dogeD_鐢绘澘 1.png,2026-05-23T11:08:26.854Z,https://ik.imagekit.io/ZHONGyuan/ZHONGyuan/Debond/dogeD_%E7%94%BB%E6%9D%BF%201.png?updatedAt=1779534507770,png,538748,https://ik.imagekit.io/ZHONGyuan/ZHONGyuan/Debond/dogeD_鐢绘澘 1.png,dogeD_鐢绘澘 1.png,dogeD_鐢绘澘 1.png,,/ZHONGyuan/Debond/dogeD_鐢绘澘 1.png,1,['https://ik.imagekit.io/ZHONGyuan/ZHONGyuan/Debond/dogeD_鐢绘澘 1.png']
6a118aaa5c7cd75eb86b2335,File,nft220706_0.png - nft220706_0.png - 01,/ZHONGyuan/Debond/nft220706_0.png,2026-05-23T11:08:26.804Z,https://ik.imagekit.io/ZHONGyuan/ZHONGyuan/Debond/nft220706_0.png?updatedAt=1779534507271,png,107843,https://ik.imagekit.io/ZHONGyuan/ZHONGyuan/Debond/nft220706_0.png,nft220706_0.png,nft220706_0.png,,/ZHONGyuan/Debond/nft220706_0.png,1,['https://ik.imagekit.io/ZHONGyuan/ZHONGyuan/Debond/nft220706_0.png']
6a118aaa5c7cd75eb86b22c9,File,nft220706_1024_0.png - nft220706_1024_0.png - 01,/ZHONGyuan/Debond/nft220706_1024_0.png,2026-05-23T11:08:26.786Z,https://ik.imagekit.io/ZHONGyuan/ZHONGyuan/Debond/nft220706_1024_0.png?updatedAt=1779534507359,png,83372,https://ik.imagekit.io/ZHONGyuan/ZHONGyuan/Debond/nft220706_1024_0.png,nft220706_1024_0.png,nft220706_1024_0.png,,/ZHONGyuan/Debond/nft220706_1024_0.png,1,['https://ik.imagekit.io/ZHONGyuan/ZHONGyuan/Debond/nft220706_1024_0.png']
6a118aaa5c7cd75eb86b22f4,File,nft220711_1024_0.png - nft220711_1024_0.png - 01,/ZHONGyuan/Debond/nft220711_1024_0.png,2026-05-23T11:08:26.793Z,https://ik.imagekit.io/ZHONGyuan/ZHONGyuan/Debond/nft220711_1024_0.png?updatedAt=1779534507369,png,136970,https://ik.imagekit.io/ZHONGyuan/ZHONGyuan/Debond/nft220711_1024_0.png,nft220711_1024_0.png,nft220711_1024_0.png,,/ZHONGyuan/Debond/nft220711_1024_0.png,1,['https://ik.imagekit.io/ZHONGyuan/ZHONGyuan/Debond/nft220711_1024_0.png']
6a118aaa5c7cd75eb86b229d,File,nft_20220711_0.png - nft_20220711_0.png - 01,/ZHONGyuan/Debond/nft_20220711_0.png,2026-05-23T11:08:26.775Z,https://ik.imagekit.io/ZHONGyuan/ZHONGyuan/Debond/nft_20220711_0.png?updatedAt=1779534507230,png,240859,https://ik.imagekit.io/ZHONGyuan/ZHONGyuan/Debond/nft_20220711_0.png,nft_20220711_0.png,nft_20220711_0.png,,/ZHONGyuan/Debond/nft_20220711_0.png,1,['https://ik.imagekit.io/ZHONGyuan/ZHONGyuan/Debond/nft_20220711_0.png']
6a118aea5c7cd75eb86f4153,File,2021.png - 2021.png - 01,/ZHONGyuan/Dessin/2021.png,2026-05-23T11:09:30.094Z,https://ik.imagekit.io/ZHONGyuan/ZHONGyuan/Dessin/2021.png?updatedAt=1779534570538,png,225959,https://ik.imagekit.io/ZHONGyuan/ZHONGyuan/Dessin/2021.png,2021.png,2021.png,,/ZHONGyuan/Dessin/2021.png,1,['https://ik.imagekit.io/ZHONGyuan/ZHONGyuan/Dessin/2021.png']
6a118aea5c7cd75eb86f4160,File,2022.png - 2022.png - 01,/ZHONGyuan/Dessin/2022.png,2026-05-23T11:09:30.097Z,https://ik.imagekit.io/ZHONGyuan/ZHONGyuan/Dessin/2022.png?updatedAt=1779534570530,png,165109,https://ik.imagekit.io/ZHONGyuan/ZHONGyuan/Dessin/2022.png,2022.png,2022.png,,/ZHONGyuan/Dessin/2022.png,1,['https://ik.imagekit.io/ZHONGyuan/ZHONGyuan/Dessin/2022.png']
6a118aeb5c7cd75eb86f5dcc,File,2022030501.png - 2022030501.png - 01,/ZHONGyuan/Dessin/2022030501.png,2026-05-23T11:09:31.544Z,https://ik.imagekit.io/ZHONGyuan/ZHONGyuan/Dessin/2022030501.png?updatedAt=1779534572003,png,1411108,https://ik.imagekit.io/ZHONGyuan/ZHONGyuan/Dessin/2022030501.png,2022030501.png,2022030501.png,,/ZHONGyuan/Dessin/2022030501.png,1,['https://ik.imagekit.io/ZHONGyuan/ZHONGyuan/Dessin/2022030501.png']
6a118aec5c7cd75eb86f62a9,File,20220329.png - 20220329.png - 01,/ZHONGyuan/Dessin/20220329.png,2026-05-23T11:09:31.896Z,https://ik.imagekit.io/ZHONGyuan/ZHONGyuan/Dessin/20220329.png?updatedAt=1779534572365,png,1782982,https://ik.imagekit.io/ZHONGyuan/ZHONGyuan/Dessin/20220329.png,20220329.png,20220329.png,,/ZHONGyuan/Dessin/20220329.png,1,['https://ik.imagekit.io/ZHONGyuan/ZHONGyuan/Dessin/20220329.png']
6a118aeb5c7cd75eb86f5fa0,File,20220412.png - 20220412.png - 01,/ZHONGyuan/Dessin/20220412.png,2026-05-23T11:09:31.725Z,https://ik.imagekit.io/ZHONGyuan/ZHONGyuan/Dessin/20220412.png?updatedAt=1779534572177,png,1078686,https://ik.imagekit.io/ZHONGyuan/ZHONGyuan/Dessin/20220412.png,20220412.png,20220412.png,,/ZHONGyuan/Dessin/20220412.png,1,['https://ik.imagekit.io/ZHONGyuan/ZHONGyuan/Dessin/20220412.png']
6a118aee5c7cd75eb86f929a,File,202204121.png - 202204121.png - 01,/ZHONGyuan/Dessin/202204121.png,2026-05-23T11:09:34.586Z,https://ik.imagekit.io/ZHONGyuan/ZHONGyuan/Dessin/202204121.png?updatedAt=1779534575376,png,7342398,https://ik.imagekit.io/ZHONGyuan/ZHONGyuan/Dessin/202204121.png,202204121.png,202204121.png,,/ZHONGyuan/Dessin/202204121.png,1,['https://ik.imagekit.io/ZHONGyuan/ZHONGyuan/Dessin/202204121.png']
6a118aea5c7cd75eb86f418a,File,2023.png - 2023.png - 01,/ZHONGyuan/Dessin/2023.png,2026-05-23T11:09:30.107Z,https://ik.imagekit.io/ZHONGyuan/ZHONGyuan/Dessin/2023.png?updatedAt=1779534570544,png,276123,https://ik.imagekit.io/ZHONGyuan/ZHONGyuan/Dessin/2023.png,2023.png,2023.png,,/ZHONGyuan/Dessin/2023.png,1,['https://ik.imagekit.io/ZHONGyuan/ZHONGyuan/Dessin/2023.png']
6a118aea5c7cd75eb86f45bb,File,2024.png - 2024.png - 01,/ZHONGyuan/Dessin/2024.png,2026-05-23T11:09:30.336Z,https://ik.imagekit.io/ZHONGyuan/ZHONGyuan/Dessin/2024.png?updatedAt=1779534570800,png,891109,https://ik.imagekit.io/ZHONGyuan/ZHONGyuan/Dessin/2024.png,2024.png,2024.png,,/ZHONGyuan/Dessin/2024.png,1,['https://ik.imagekit.io/ZHONGyuan/ZHONGyuan/Dessin/2024.png']
6a118aea5c7cd75eb86f4165,File,2025_鐢绘澘 1.png - 2025_鐢绘澘 1.png - 01,/ZHONGyuan/Dessin/2025_鐢绘澘 1.png,2026-05-23T11:09:30.103Z,https://ik.imagekit.io/ZHONGyuan/ZHONGyuan/Dessin/2025_%E7%94%BB%E6%9D%BF%201.png?updatedAt=1779534570586,png,166714,https://ik.imagekit.io/ZHONGyuan/ZHONGyuan/Dessin/2025_鐢绘澘 1.png,2025_鐢绘澘 1.png,2025_鐢绘澘 1.png,,/ZHONGyuan/Dessin/2025_鐢绘澘 1.png,1,['https://ik.imagekit.io/ZHONGyuan/ZHONGyuan/Dessin/2025_鐢绘澘 1.png']
6a118aea5c7cd75eb86f4335,File,2026d.png - 2026d.png - 01,/ZHONGyuan/Dessin/2026d.png,2026-05-23T11:09:30.164Z,https://ik.imagekit.io/ZHONGyuan/ZHONGyuan/Dessin/2026d.png?updatedAt=1779534570641,png,315309,https://ik.imagekit.io/ZHONGyuan/ZHONGyuan/Dessin/2026d.png,2026d.png,2026d.png,,/ZHONGyuan/Dessin/2026d.png,1,['https://ik.imagekit.io/ZHONGyuan/ZHONGyuan/Dessin/2026d.png']
6a118aea5c7cd75eb86f41ab,File,2026n.png - 2026n.png - 01,/ZHONGyuan/Dessin/2026n.png,2026-05-23T11:09:30.111Z,https://ik.imagekit.io/ZHONGyuan/ZHONGyuan/Dessin/2026n.png?updatedAt=1779534570545,png,230842,https://ik.imagekit.io/ZHONGyuan/ZHONGyuan/Dessin/2026n.png,2026n.png,2026n.png,,/ZHONGyuan/Dessin/2026n.png,1,['https://ik.imagekit.io/ZHONGyuan/ZHONGyuan/Dessin/2026n.png']
6a118aea5c7cd75eb86f477c,File,Atsukol.png - Atsukol.png - 01,/ZHONGyuan/Dessin/Atsukol.png,2026-05-23T11:09:30.462Z,https://ik.imagekit.io/ZHONGyuan/ZHONGyuan/Dessin/Atsukol.png?updatedAt=1779534571206,png,213228,https://ik.imagekit.io/ZHONGyuan/ZHONGyuan/Dessin/Atsukol.png,Atsukol.png,Atsukol.png,,/ZHONGyuan/Dessin/Atsukol.png,1,['https://ik.imagekit.io/ZHONGyuan/ZHONGyuan/Dessin/Atsukol.png']
6a118aea5c7cd75eb86f4a8a,File,Atsukow.png - Atsukow.png - 01,/ZHONGyuan/Dessin/Atsukow.png,2026-05-23T11:09:30.562Z,https://ik.imagekit.io/ZHONGyuan/ZHONGyuan/Dessin/Atsukow.png?updatedAt=1779534571293,png,277137,https://ik.imagekit.io/ZHONGyuan/ZHONGyuan/Dessin/Atsukow.png,Atsukow.png,Atsukow.png,,/ZHONGyuan/Dessin/Atsukow.png,1,['https://ik.imagekit.io/ZHONGyuan/ZHONGyuan/Dessin/Atsukow.png']
6a118aee5c7cd75eb86f96dc,File,B17CB37C95ED97C2462EA639A8A36DD6.png - B17CB37C95ED97C2462EA639A8A36DD6.png - 01,/ZHONGyuan/Dessin/B17CB37C95ED97C2462EA639A8A36DD6.png,2026-05-23T11:09:34.803Z,https://ik.imagekit.io/ZHONGyuan/ZHONGyuan/Dessin/B17CB37C95ED97C2462EA639A8A36DD6.png?updatedAt=1779534575445,jpg,7659378,https://ik.imagekit.io/ZHONGyuan/ZHONGyuan/Dessin/B17CB37C95ED97C2462EA639A8A36DD6.png,B17CB37C95ED97C2462EA639A8A36DD6.png,B17CB37C95ED97C2462EA639A8A36DD6.png,,/ZHONGyuan/Dessin/B17CB37C95ED97C2462EA639A8A36DD6.png,1,['https://ik.imagekit.io/ZHONGyuan/ZHONGyuan/Dessin/B17CB37C95ED97C2462EA639A8A36DD6.png']
6a118aed5c7cd75eb86f767a,File,D_girl.png - D_girl.png - 01,/ZHONGyuan/Dessin/D_girl.png,2026-05-23T11:09:32.930Z,https://ik.imagekit.io/ZHONGyuan/ZHONGyuan/Dessin/D_girl.png?updatedAt=1779534573625,png,2472360,https://ik.imagekit.io/ZHONGyuan/ZHONGyuan/Dessin/D_girl.png,D_girl.png,D_girl.png,,/ZHONGyuan/Dessin/D_girl.png,1,['https://ik.imagekit.io/ZHONGyuan/ZHONGyuan/Dessin/D_girl.png']
6a118af05c7cd75eb86faa0a,File,Psyche_鐢绘澘 1.png - Psyche_鐢绘澘 1.png - 01,/ZHONGyuan/Dessin/Psyche_鐢绘澘 1.png,2026-05-23T11:09:35.894Z,https://ik.imagekit.io/ZHONGyuan/ZHONGyuan/Dessin/Psyche_%E7%94%BB%E6%9D%BF%201.png?updatedAt=1779534577550,png,12492392,https://ik.imagekit.io/ZHONGyuan/ZHONGyuan/Dessin/Psyche_鐢绘澘 1.png,Psyche_鐢绘澘 1.png,Psyche_鐢绘澘 1.png,,/ZHONGyuan/Dessin/Psyche_鐢绘澘 1.png,1,['https://ik.imagekit.io/ZHONGyuan/ZHONGyuan/Dessin/Psyche_鐢绘澘 1.png']
6a118aeb5c7cd75eb86f5138,File,T1 win_鐢绘澘 1.png - T1 win_鐢绘澘 1.png - 01,/ZHONGyuan/Dessin/T1 win_鐢绘澘 1.png,2026-05-23T11:09:30.952Z,https://ik.imagekit.io/ZHONGyuan/ZHONGyuan/Dessin/T1%20win_%E7%94%BB%E6%9D%BF%201.png?updatedAt=1779534571510,png,317558,https://ik.imagekit.io/ZHONGyuan/ZHONGyuan/Dessin/T1 win_鐢绘澘 1.png,T1 win_鐢绘澘 1.png,T1 win_鐢绘澘 1.png,,/ZHONGyuan/Dessin/T1 win_鐢绘澘 1.png,1,['https://ik.imagekit.io/ZHONGyuan/ZHONGyuan/Dessin/T1 win_鐢绘澘 1.png']
6a118aed5c7cd75eb86f7e87,File,astronaut.png - astronaut.png - 01,/ZHONGyuan/Dessin/astronaut.png,2026-05-23T11:09:33.571Z,https://ik.imagekit.io/ZHONGyuan/ZHONGyuan/Dessin/astronaut.png?updatedAt=1779534574451,png,3818852,https://ik.imagekit.io/ZHONGyuan/ZHONGyuan/Dessin/astronaut.png,astronaut.png,astronaut.png,,/ZHONGyuan/Dessin/astronaut.png,1,['https://ik.imagekit.io/ZHONGyuan/ZHONGyuan/Dessin/astronaut.png']
6a118aea5c7cd75eb86f44e5,File,asuka.png - asuka.png - 01,/ZHONGyuan/Dessin/asuka.png,2026-05-23T11:09:30.212Z,https://ik.imagekit.io/ZHONGyuan/ZHONGyuan/Dessin/asuka.png?updatedAt=1779534570909,png,352954,https://ik.imagekit.io/ZHONGyuan/ZHONGyuan/Dessin/asuka.png,asuka.png,asuka.png,,/ZHONGyuan/Dessin/asuka.png,1,['https://ik.imagekit.io/ZHONGyuan/ZHONGyuan/Dessin/asuka.png']
6a118aec5c7cd75eb86f6fde,File,asuka28.png - asuka28.png - 01,/ZHONGyuan/Dessin/asuka28.png,2026-05-23T11:09:32.700Z,https://ik.imagekit.io/ZHONGyuan/ZHONGyuan/Dessin/asuka28.png?updatedAt=1779534573351,png,2322548,https://ik.imagekit.io/ZHONGyuan/ZHONGyuan/Dessin/asuka28.png,asuka28.png,asuka28.png,,/ZHONGyuan/Dessin/asuka28.png,1,['https://ik.imagekit.io/ZHONGyuan/ZHONGyuan/Dessin/asuka28.png']
6a118aea5c7cd75eb86f45ff,File,asuka_p.aseprite - asuka_p.aseprite - 01,/ZHONGyuan/Dessin/asuka_p.aseprite,2026-05-23T11:09:30.379Z,https://ik.imagekit.io/ZHONGyuan/ZHONGyuan/Dessin/asuka_p.aseprite?updatedAt=1779534570791,,901,https://ik.imagekit.io/ZHONGyuan/ZHONGyuan/Dessin/asuka_p.aseprite,asuka_p.aseprite,asuka_p.aseprite,,/ZHONGyuan/Dessin/asuka_p.aseprite,1,['https://ik.imagekit.io/ZHONGyuan/ZHONGyuan/Dessin/asuka_p.aseprite']
6a118aea5c7cd75eb86f4293,File,asuka_p.png - asuka_p.png - 01,/ZHONGyuan/Dessin/asuka_p.png,2026-05-23T11:09:30.143Z,https://ik.imagekit.io/ZHONGyuan/ZHONGyuan/Dessin/asuka_p.png?updatedAt=1779534570547,png,986,https://ik.imagekit.io/ZHONGyuan/ZHONGyuan/Dessin/asuka_p.png,asuka_p.png,asuka_p.png,,/ZHONGyuan/Dessin/asuka_p.png,1,['https://ik.imagekit.io/ZHONGyuan/ZHONGyuan/Dessin/asuka_p.png']
6a118aea5c7cd75eb86f4b43,File,asukal.png - asukal.png - 01,/ZHONGyuan/Dessin/asukal.png,2026-05-23T11:09:30.585Z,https://ik.imagekit.io/ZHONGyuan/ZHONGyuan/Dessin/asukal.png?updatedAt=1779534571392,png,282838,https://ik.imagekit.io/ZHONGyuan/ZHONGyuan/Dessin/asukal.png,asukal.png,asukal.png,,/ZHONGyuan/Dessin/asukal.png,1,['https://ik.imagekit.io/ZHONGyuan/ZHONGyuan/Dessin/asukal.png']
6a118aeb5c7cd75eb86f51b7,File,asukaw.png - asukaw.png - 01,/ZHONGyuan/Dessin/asukaw.png,2026-05-23T11:09:30.973Z,https://ik.imagekit.io/ZHONGyuan/ZHONGyuan/Dessin/asukaw.png?updatedAt=1779534571661,png,333319,https://ik.imagekit.io/ZHONGyuan/ZHONGyuan/Dessin/asukaw.png,asukaw.png,asukaw.png,,/ZHONGyuan/Dessin/asukaw.png,1,['https://ik.imagekit.io/ZHONGyuan/ZHONGyuan/Dessin/asukaw.png']
6a118aea5c7cd75eb86f452a,File,atsuko.aseprite - atsuko.aseprite - 01,/ZHONGyuan/Dessin/atsuko.aseprite,2026-05-23T11:09:30.245Z,https://ik.imagekit.io/ZHONGyuan/ZHONGyuan/Dessin/atsuko.aseprite?updatedAt=1779534570658,,925,https://ik.imagekit.io/ZHONGyuan/ZHONGyuan/Dessin/atsuko.aseprite,atsuko.aseprite,atsuko.aseprite,,/ZHONGyuan/Dessin/atsuko.aseprite,1,['https://ik.imagekit.io/ZHONGyuan/ZHONGyuan/Dessin/atsuko.aseprite']
6a118aea5c7cd75eb86f451b,File,atsuko_p.png - atsuko_p.png - 01,/ZHONGyuan/Dessin/atsuko_p.png,2026-05-23T11:09:30.232Z,https://ik.imagekit.io/ZHONGyuan/ZHONGyuan/Dessin/atsuko_p.png?updatedAt=1779534570657,png,879,https://ik.imagekit.io/ZHONGyuan/ZHONGyuan/Dessin/atsuko_p.png,atsuko_p.png,atsuko_p.png,,/ZHONGyuan/Dessin/atsuko_p.png,1,['https://ik.imagekit.io/ZHONGyuan/ZHONGyuan/Dessin/atsuko_p.png']
6a118aeb5c7cd75eb86f5fb9,File,cloud.png - cloud.png - 01,/ZHONGyuan/Dessin/cloud.png,2026-05-23T11:09:31.729Z,https://ik.imagekit.io/ZHONGyuan/ZHONGyuan/Dessin/cloud.png?updatedAt=1779534572399,png,1082415,https://ik.imagekit.io/ZHONGyuan/ZHONGyuan/Dessin/cloud.png,cloud.png,cloud.png,,/ZHONGyuan/Dessin/cloud.png,1,['https://ik.imagekit.io/ZHONGyuan/ZHONGyuan/Dessin/cloud.png']
6a118aeb5c7cd75eb86f56dc,File,fayel.png - fayel.png - 01,/ZHONGyuan/Dessin/fayel.png,2026-05-23T11:09:31.209Z,https://ik.imagekit.io/ZHONGyuan/ZHONGyuan/Dessin/fayel.png?updatedAt=1779534571905,png,505164,https://ik.imagekit.io/ZHONGyuan/ZHONGyuan/Dessin/fayel.png,fayel.png,fayel.png,,/ZHONGyuan/Dessin/fayel.png,1,['https://ik.imagekit.io/ZHONGyuan/ZHONGyuan/Dessin/fayel.png']
6a118aeb5c7cd75eb86f576c,File,fayew.png - fayew.png - 01,/ZHONGyuan/Dessin/fayew.png,2026-05-23T11:09:31.336Z,https://ik.imagekit.io/ZHONGyuan/ZHONGyuan/Dessin/fayew.png?updatedAt=1779534572088,png,596799,https://ik.imagekit.io/ZHONGyuan/ZHONGyuan/Dessin/fayew.png,fayew.png,fayew.png,,/ZHONGyuan/Dessin/fayew.png,1,['https://ik.imagekit.io/ZHONGyuan/ZHONGyuan/Dessin/fayew.png']
6a118aeb5c7cd75eb86f573e,File,hayce-lemsi1.png - hayce-lemsi1.png - 01,/ZHONGyuan/Dessin/hayce-lemsi1.png,2026-05-23T11:09:31.292Z,https://ik.imagekit.io/ZHONGyuan/ZHONGyuan/Dessin/hayce-lemsi1.png?updatedAt=1779534571790,png,679551,https://ik.imagekit.io/ZHONGyuan/ZHONGyuan/Dessin/hayce-lemsi1.png,hayce-lemsi1.png,hayce-lemsi1.png,,/ZHONGyuan/Dessin/hayce-lemsi1.png,1,['https://ik.imagekit.io/ZHONGyuan/ZHONGyuan/Dessin/hayce-lemsi1.png']
6a118aeb5c7cd75eb86f5f91,File,kurt-cobain.png - kurt-cobain.png - 01,/ZHONGyuan/Dessin/kurt-cobain.png,2026-05-23T11:09:31.697Z,https://ik.imagekit.io/ZHONGyuan/ZHONGyuan/Dessin/kurt-cobain.png?updatedAt=1779534572132,png,863253,https://ik.imagekit.io/ZHONGyuan/ZHONGyuan/Dessin/kurt-cobain.png,kurt-cobain.png,kurt-cobain.png,,/ZHONGyuan/Dessin/kurt-cobain.png,1,['https://ik.imagekit.io/ZHONGyuan/ZHONGyuan/Dessin/kurt-cobain.png']
6a118aeb5c7cd75eb86f5693,File,lum0.png - lum0.png - 01,/ZHONGyuan/Dessin/lum0.png,2026-05-23T11:09:31.172Z,https://ik.imagekit.io/ZHONGyuan/ZHONGyuan/Dessin/lum0.png?updatedAt=1779534571637,png,629544,https://ik.imagekit.io/ZHONGyuan/ZHONGyuan/Dessin/lum0.png,lum0.png,lum0.png,,/ZHONGyuan/Dessin/lum0.png,1,['https://ik.imagekit.io/ZHONGyuan/ZHONGyuan/Dessin/lum0.png']
6a118aeb5c7cd75eb86f5f74,File,lum2.0.png - lum2.0.png - 01,/ZHONGyuan/Dessin/lum2.0.png,2026-05-23T11:09:31.672Z,https://ik.imagekit.io/ZHONGyuan/ZHONGyuan/Dessin/lum2.0.png?updatedAt=1779534572143,png,849871,https://ik.imagekit.io/ZHONGyuan/ZHONGyuan/Dessin/lum2.0.png,lum2.0.png,lum2.0.png,,/ZHONGyuan/Dessin/lum2.0.png,1,['https://ik.imagekit.io/ZHONGyuan/ZHONGyuan/Dessin/lum2.0.png']
6a118aeb5c7cd75eb86f56ba,File,moon_building.png - moon_building.png - 01,/ZHONGyuan/Dessin/moon_building.png,2026-05-23T11:09:31.191Z,https://ik.imagekit.io/ZHONGyuan/ZHONGyuan/Dessin/moon_building.png?updatedAt=1779534571669,png,642777,https://ik.imagekit.io/ZHONGyuan/ZHONGyuan/Dessin/moon_building.png,moon_building.png,moon_building.png,,/ZHONGyuan/Dessin/moon_building.png,1,['https://ik.imagekit.io/ZHONGyuan/ZHONGyuan/Dessin/moon_building.png']
6a118aea5c7cd75eb86f4538,File,mouse2020.png - mouse2020.png - 01,/ZHONGyuan/Dessin/mouse2020.png,2026-05-23T11:09:30.257Z,https://ik.imagekit.io/ZHONGyuan/ZHONGyuan/Dessin/mouse2020.png?updatedAt=1779534570663,png,65874,https://ik.imagekit.io/ZHONGyuan/ZHONGyuan/Dessin/mouse2020.png,mouse2020.png,mouse2020.png,,/ZHONGyuan/Dessin/mouse2020.png,1,['https://ik.imagekit.io/ZHONGyuan/ZHONGyuan/Dessin/mouse2020.png']
6a118aeb5c7cd75eb86f5233,File,night.png - night.png - 01,/ZHONGyuan/Dessin/night.png,2026-05-23T11:09:30.990Z,https://ik.imagekit.io/ZHONGyuan/ZHONGyuan/Dessin/night.png?updatedAt=1779534571417,png,326498,https://ik.imagekit.io/ZHONGyuan/ZHONGyuan/Dessin/night.png,night.png,night.png,,/ZHONGyuan/Dessin/night.png,1,['https://ik.imagekit.io/ZHONGyuan/ZHONGyuan/Dessin/night.png']
6a118aea5c7cd75eb86f4a59,File,p_large_1cwT_4586i017017.jpg - p_large_1cwT_4586i017017.jpg - 01,/ZHONGyuan/Dessin/p_large_1cwT_4586i017017.jpg,2026-05-23T11:09:30.549Z,https://ik.imagekit.io/ZHONGyuan/ZHONGyuan/Dessin/p_large_1cwT_4586i017017.jpg?updatedAt=1779534570971,jpg,249809,https://ik.imagekit.io/ZHONGyuan/ZHONGyuan/Dessin/p_large_1cwT_4586i017017.jpg,p_large_1cwT_4586i017017.jpg,p_large_1cwT_4586i017017.jpg,,/ZHONGyuan/Dessin/p_large_1cwT_4586i017017.jpg,1,['https://ik.imagekit.io/ZHONGyuan/ZHONGyuan/Dessin/p_large_1cwT_4586i017017.jpg']
6a118aea5c7cd75eb86f4e9a,File,p_large_26gp_5487i016061.jpg - p_large_26gp_5487i016061.jpg - 01,/ZHONGyuan/Dessin/p_large_26gp_5487i016061.jpg,2026-05-23T11:09:30.843Z,https://ik.imagekit.io/ZHONGyuan/ZHONGyuan/Dessin/p_large_26gp_5487i016061.jpg?updatedAt=1779534571251,jpg,255441,https://ik.imagekit.io/ZHONGyuan/ZHONGyuan/Dessin/p_large_26gp_5487i016061.jpg,p_large_26gp_5487i016061.jpg,p_large_26gp_5487i016061.jpg,,/ZHONGyuan/Dessin/p_large_26gp_5487i016061.jpg,1,['https://ik.imagekit.io/ZHONGyuan/ZHONGyuan/Dessin/p_large_26gp_5487i016061.jpg']
6a118aea5c7cd75eb86f4ea9,File,p_large_63BM_4901j017018.jpg - p_large_63BM_4901j017018.jpg - 01,/ZHONGyuan/Dessin/p_large_63BM_4901j017018.jpg,2026-05-23T11:09:30.853Z,https://ik.imagekit.io/ZHONGyuan/ZHONGyuan/Dessin/p_large_63BM_4901j017018.jpg?updatedAt=1779534571274,jpg,268177,https://ik.imagekit.io/ZHONGyuan/ZHONGyuan/Dessin/p_large_63BM_4901j017018.jpg,p_large_63BM_4901j017018.jpg,p_large_63BM_4901j017018.jpg,,/ZHONGyuan/Dessin/p_large_63BM_4901j017018.jpg,1,['https://ik.imagekit.io/ZHONGyuan/ZHONGyuan/Dessin/p_large_63BM_4901j017018.jpg']
6a118aeb5c7cd75eb86f4ec3,File,p_large_QVJi_5575k016061.jpg - p_large_QVJi_5575k016061.jpg - 01,/ZHONGyuan/Dessin/p_large_QVJi_5575k016061.jpg,2026-05-23T11:09:30.860Z,https://ik.imagekit.io/ZHONGyuan/ZHONGyuan/Dessin/p_large_QVJi_5575k016061.jpg?updatedAt=1779534571282,jpg,248934,https://ik.imagekit.io/ZHONGyuan/ZHONGyuan/Dessin/p_large_QVJi_5575k016061.jpg,p_large_QVJi_5575k016061.jpg,p_large_QVJi_5575k016061.jpg,,/ZHONGyuan/Dessin/p_large_QVJi_5575k016061.jpg,1,['https://ik.imagekit.io/ZHONGyuan/ZHONGyuan/Dessin/p_large_QVJi_5575k016061.jpg']
6a118aea5c7cd75eb86f4e46,File,p_large_t5Xt_4546n017013.jpg - p_large_t5Xt_4546n017013.jpg - 01,/ZHONGyuan/Dessin/p_large_t5Xt_4546n017013.jpg,2026-05-23T11:09:30.762Z,https://ik.imagekit.io/ZHONGyuan/ZHONGyuan/Dessin/p_large_t5Xt_4546n017013.jpg?updatedAt=1779534571216,jpg,218705,https://ik.imagekit.io/ZHONGyuan/ZHONGyuan/Dessin/p_large_t5Xt_4546n017013.jpg,p_large_t5Xt_4546n017013.jpg,p_large_t5Xt_4546n017013.jpg,,/ZHONGyuan/Dessin/p_large_t5Xt_4546n017013.jpg,1,['https://ik.imagekit.io/ZHONGyuan/ZHONGyuan/Dessin/p_large_t5Xt_4546n017013.jpg']
6a118aef5c7cd75eb86f9717,File,pontneuf.png - pontneuf.png - 01,/ZHONGyuan/Dessin/pontneuf.png,2026-05-23T11:09:34.855Z,https://ik.imagekit.io/ZHONGyuan/ZHONGyuan/Dessin/pontneuf.png?updatedAt=1779534575716,png,7764348,https://ik.imagekit.io/ZHONGyuan/ZHONGyuan/Dessin/pontneuf.png,pontneuf.png,pontneuf.png,,/ZHONGyuan/Dessin/pontneuf.png,1,['https://ik.imagekit.io/ZHONGyuan/ZHONGyuan/Dessin/pontneuf.png']
6a118aef5c7cd75eb86f9d25,File,psyche1.png - psyche1.png - 01,/ZHONGyuan/Dessin/psyche1.png,2026-05-23T11:09:35.088Z,https://ik.imagekit.io/ZHONGyuan/ZHONGyuan/Dessin/psyche1.png?updatedAt=1779534575861,png,7162965,https://ik.imagekit.io/ZHONGyuan/ZHONGyuan/Dessin/psyche1.png,psyche1.png,psyche1.png,,/ZHONGyuan/Dessin/psyche1.png,1,['https://ik.imagekit.io/ZHONGyuan/ZHONGyuan/Dessin/psyche1.png']
6a118aee5c7cd75eb86f8ea8,File,psyche2.png - psyche2.png - 01,/ZHONGyuan/Dessin/psyche2.png,2026-05-23T11:09:34.416Z,https://ik.imagekit.io/ZHONGyuan/ZHONGyuan/Dessin/psyche2.png?updatedAt=1779534575184,png,4982488,https://ik.imagekit.io/ZHONGyuan/ZHONGyuan/Dessin/psyche2.png,psyche2.png,psyche2.png,,/ZHONGyuan/Dessin/psyche2.png,1,['https://ik.imagekit.io/ZHONGyuan/ZHONGyuan/Dessin/psyche2.png']
6a118aef5c7cd75eb86f98bd,File,rain.png - rain.png - 01,/ZHONGyuan/Dessin/rain.png,2026-05-23T11:09:34.940Z,https://ik.imagekit.io/ZHONGyuan/ZHONGyuan/Dessin/rain.png?updatedAt=1779534575835,png,6809356,https://ik.imagekit.io/ZHONGyuan/ZHONGyuan/Dessin/rain.png,rain.png,rain.png,,/ZHONGyuan/Dessin/rain.png,1,['https://ik.imagekit.io/ZHONGyuan/ZHONGyuan/Dessin/rain.png']
6a118aef5c7cd75eb86f9f1e,File,ramen.png - ramen.png - 01,/ZHONGyuan/Dessin/ramen.png,2026-05-23T11:09:35.244Z,https://ik.imagekit.io/ZHONGyuan/ZHONGyuan/Dessin/ramen.png?updatedAt=1779534576212,png,9924188,https://ik.imagekit.io/ZHONGyuan/ZHONGyuan/Dessin/ramen.png,ramen.png,ramen.png,,/ZHONGyuan/Dessin/ramen.png,1,['https://ik.imagekit.io/ZHONGyuan/ZHONGyuan/Dessin/ramen.png']
6a118aec5c7cd75eb86f6751,File,rue.png - rue.png - 01,/ZHONGyuan/Dessin/rue.png,2026-05-23T11:09:32.095Z,https://ik.imagekit.io/ZHONGyuan/ZHONGyuan/Dessin/rue.png?updatedAt=1779534572565,png,1227801,https://ik.imagekit.io/ZHONGyuan/ZHONGyuan/Dessin/rue.png,rue.png,rue.png,,/ZHONGyuan/Dessin/rue.png,1,['https://ik.imagekit.io/ZHONGyuan/ZHONGyuan/Dessin/rue.png']
6a118aeb5c7cd75eb86f5678,File,rue0.png - rue0.png - 01,/ZHONGyuan/Dessin/rue0.png,2026-05-23T11:09:31.150Z,https://ik.imagekit.io/ZHONGyuan/ZHONGyuan/Dessin/rue0.png?updatedAt=1779534571625,png,614594,https://ik.imagekit.io/ZHONGyuan/ZHONGyuan/Dessin/rue0.png,rue0.png,rue0.png,,/ZHONGyuan/Dessin/rue0.png,1,['https://ik.imagekit.io/ZHONGyuan/ZHONGyuan/Dessin/rue0.png']
6a118aec5c7cd75eb86f6775,File,seine.png - seine.png - 01,/ZHONGyuan/Dessin/seine.png,2026-05-23T11:09:32.149Z,https://ik.imagekit.io/ZHONGyuan/ZHONGyuan/Dessin/seine.png?updatedAt=1779534572632,png,1430998,https://ik.imagekit.io/ZHONGyuan/ZHONGyuan/Dessin/seine.png,seine.png,seine.png,,/ZHONGyuan/Dessin/seine.png,1,['https://ik.imagekit.io/ZHONGyuan/ZHONGyuan/Dessin/seine.png']
6a118aeb5c7cd75eb86f5742,File,smith_b.png - smith_b.png - 01,/ZHONGyuan/Dessin/smith_b.png,2026-05-23T11:09:31.294Z,https://ik.imagekit.io/ZHONGyuan/ZHONGyuan/Dessin/smith_b.png?updatedAt=1779534571765,png,521026,https://ik.imagekit.io/ZHONGyuan/ZHONGyuan/Dessin/smith_b.png,smith_b.png,smith_b.png,,/ZHONGyuan/Dessin/smith_b.png,1,['https://ik.imagekit.io/ZHONGyuan/ZHONGyuan/Dessin/smith_b.png']
6a118aeb5c7cd75eb86f5245,File,smith_p.png - smith_p.png - 01,/ZHONGyuan/Dessin/smith_p.png,2026-05-23T11:09:30.988Z,https://ik.imagekit.io/ZHONGyuan/ZHONGyuan/Dessin/smith_p.png?updatedAt=1779534571476,png,315294,https://ik.imagekit.io/ZHONGyuan/ZHONGyuan/Dessin/smith_p.png,smith_p.png,smith_p.png,,/ZHONGyuan/Dessin/smith_p.png,1,['https://ik.imagekit.io/ZHONGyuan/ZHONGyuan/Dessin/smith_p.png']
6a118aec5c7cd75eb86f679e,File,tree.png - tree.png - 01,/ZHONGyuan/Dessin/tree.png,2026-05-23T11:09:32.201Z,https://ik.imagekit.io/ZHONGyuan/ZHONGyuan/Dessin/tree.png?updatedAt=1779534572666,png,1296351,https://ik.imagekit.io/ZHONGyuan/ZHONGyuan/Dessin/tree.png,tree.png,tree.png,,/ZHONGyuan/Dessin/tree.png,1,['https://ik.imagekit.io/ZHONGyuan/ZHONGyuan/Dessin/tree.png']
6a118aed5c7cd75eb86f78f3,File,u1.png - u1.png - 01,/ZHONGyuan/Dessin/u1.png,2026-05-23T11:09:33.183Z,https://ik.imagekit.io/ZHONGyuan/ZHONGyuan/Dessin/u1.png?updatedAt=1779534573673,png,2616942,https://ik.imagekit.io/ZHONGyuan/ZHONGyuan/Dessin/u1.png,u1.png,u1.png,,/ZHONGyuan/Dessin/u1.png,1,['https://ik.imagekit.io/ZHONGyuan/ZHONGyuan/Dessin/u1.png']
6a118aed5c7cd75eb86f7fb8,File,v1.0.png - v1.0.png - 01,/ZHONGyuan/Dessin/v1.0.png,2026-05-23T11:09:33.613Z,https://ik.imagekit.io/ZHONGyuan/ZHONGyuan/Dessin/v1.0.png?updatedAt=1779534574100,png,3266834,https://ik.imagekit.io/ZHONGyuan/ZHONGyuan/Dessin/v1.0.png,v1.0.png,v1.0.png,,/ZHONGyuan/Dessin/v1.0.png,1,['https://ik.imagekit.io/ZHONGyuan/ZHONGyuan/Dessin/v1.0.png']
6a118aed5c7cd75eb86f827f,File,v1.3.png - v1.3.png - 01,/ZHONGyuan/Dessin/v1.3.png,2026-05-23T11:09:33.654Z,https://ik.imagekit.io/ZHONGyuan/ZHONGyuan/Dessin/v1.3.png?updatedAt=1779534574310,png,3287377,https://ik.imagekit.io/ZHONGyuan/ZHONGyuan/Dessin/v1.3.png,v1.3.png,v1.3.png,,/ZHONGyuan/Dessin/v1.3.png,1,['https://ik.imagekit.io/ZHONGyuan/ZHONGyuan/Dessin/v1.3.png']
6a118aec5c7cd75eb86f741c,File,v1.png - v1.png - 01,/ZHONGyuan/Dessin/v1.png,2026-05-23T11:09:32.831Z,https://ik.imagekit.io/ZHONGyuan/ZHONGyuan/Dessin/v1.png?updatedAt=1779534573306,png,2093210,https://ik.imagekit.io/ZHONGyuan/ZHONGyuan/Dessin/v1.png,v1.png,v1.png,,/ZHONGyuan/Dessin/v1.png,1,['https://ik.imagekit.io/ZHONGyuan/ZHONGyuan/Dessin/v1.png']
6a118aeb5c7cd75eb86f5fcc,File,v2.0.png - v2.0.png - 01,/ZHONGyuan/Dessin/v2.0.png,2026-05-23T11:09:31.739Z,https://ik.imagekit.io/ZHONGyuan/ZHONGyuan/Dessin/v2.0.png?updatedAt=1779534572189,png,820249,https://ik.imagekit.io/ZHONGyuan/ZHONGyuan/Dessin/v2.0.png,v2.0.png,v2.0.png,,/ZHONGyuan/Dessin/v2.0.png,1,['https://ik.imagekit.io/ZHONGyuan/ZHONGyuan/Dessin/v2.0.png']
6a118aec5c7cd75eb86f675e,File,v2.4.png - v2.4.png - 01,/ZHONGyuan/Dessin/v2.4.png,2026-05-23T11:09:32.075Z,https://ik.imagekit.io/ZHONGyuan/ZHONGyuan/Dessin/v2.4.png?updatedAt=1779534572543,png,1182280,https://ik.imagekit.io/ZHONGyuan/ZHONGyuan/Dessin/v2.4.png,v2.4.png,v2.4.png,,/ZHONGyuan/Dessin/v2.4.png,1,['https://ik.imagekit.io/ZHONGyuan/ZHONGyuan/Dessin/v2.4.png']
6a118aed5c7cd75eb86f76e5,File,v3.1png.png - v3.1png.png - 01,/ZHONGyuan/Dessin/v3.1png.png,2026-05-23T11:09:33.026Z,https://ik.imagekit.io/ZHONGyuan/ZHONGyuan/Dessin/v3.1png.png?updatedAt=1779534573522,png,2380703,https://ik.imagekit.io/ZHONGyuan/ZHONGyuan/Dessin/v3.1png.png,v3.1png.png,v3.1png.png,,/ZHONGyuan/Dessin/v3.1png.png,1,['https://ik.imagekit.io/ZHONGyuan/ZHONGyuan/Dessin/v3.1png.png']
6a118aeb5c7cd75eb86f548c,File,view0.png - view0.png - 01,/ZHONGyuan/Dessin/view0.png,2026-05-23T11:09:31.066Z,https://ik.imagekit.io/ZHONGyuan/ZHONGyuan/Dessin/view0.png?updatedAt=1779534571535,png,354410,https://ik.imagekit.io/ZHONGyuan/ZHONGyuan/Dessin/view0.png,view0.png,view0.png,,/ZHONGyuan/Dessin/view0.png,1,['https://ik.imagekit.io/ZHONGyuan/ZHONGyuan/Dessin/view0.png']
6a118aeb5c7cd75eb86f5258,File,view1.png - view1.png - 01,/ZHONGyuan/Dessin/view1.png,2026-05-23T11:09:30.993Z,https://ik.imagekit.io/ZHONGyuan/ZHONGyuan/Dessin/view1.png?updatedAt=1779534571487,png,327406,https://ik.imagekit.io/ZHONGyuan/ZHONGyuan/Dessin/view1.png,view1.png,view1.png,,/ZHONGyuan/Dessin/view1.png,1,['https://ik.imagekit.io/ZHONGyuan/ZHONGyuan/Dessin/view1.png']
6a118aef5c7cd75eb86f9b22,File,涓村笘.jpg - 涓村笘.jpg - 01,/ZHONGyuan/Dessin/涓村笘.jpg,2026-05-23T11:09:35.036Z,https://ik.imagekit.io/ZHONGyuan/ZHONGyuan/Dessin/%E4%B8%B4%E5%B8%96.jpg?updatedAt=1779534575791,jpg,7342186,https://ik.imagekit.io/ZHONGyuan/ZHONGyuan/Dessin/涓村笘.jpg,涓村笘.jpg,涓村笘.jpg,,/ZHONGyuan/Dessin/涓村笘.jpg,1,['https://ik.imagekit.io/ZHONGyuan/ZHONGyuan/Dessin/涓村笘.jpg']
6a118aec5c7cd75eb86f6745,File,澶辩劍1.png - 澶辩劍1.png - 01,/ZHONGyuan/Dessin/澶辩劍1.png,2026-05-23T11:09:32.086Z,https://ik.imagekit.io/ZHONGyuan/ZHONGyuan/Dessin/%E5%A4%B1%E7%84%A61.png?updatedAt=1779534573074,png,3765985,https://ik.imagekit.io/ZHONGyuan/ZHONGyuan/Dessin/澶辩劍1.png,澶辩劍1.png,澶辩劍1.png,,/ZHONGyuan/Dessin/澶辩劍1.png,1,['https://ik.imagekit.io/ZHONGyuan/ZHONGyuan/Dessin/澶辩劍1.png']
6a118aee5c7cd75eb86f8805,File,澶辩劍2-c0cc3b30b8354bedbabd8d005cdee484.png - 澶辩劍2-c0cc3b30b8354bedbabd8d005cdee484.png - 01,/ZHONGyuan/Dessin/澶辩劍2-c0cc3b30b8354bedbabd8d005cdee484.png,2026-05-23T11:09:34.092Z,https://ik.imagekit.io/ZHONGyuan/ZHONGyuan/Dessin/%E5%A4%B1%E7%84%A62-c0cc3b30b8354bedbabd8d005cdee484.png?updatedAt=1779534575253,png,6140284,https://ik.imagekit.io/ZHONGyuan/ZHONGyuan/Dessin/澶辩劍2-c0cc3b30b8354bedbabd8d005cdee484.png,澶辩劍2-c0cc3b30b8354bedbabd8d005cdee484.png,澶辩劍2-c0cc3b30b8354bedbabd8d005cdee484.png,,/ZHONGyuan/Dessin/澶辩劍2-c0cc3b30b8354bedbabd8d005cdee484.png,1,['https://ik.imagekit.io/ZHONGyuan/ZHONGyuan/Dessin/澶辩劍2-c0cc3b30b8354bedbabd8d005cdee484.png']
6a118aee5c7cd75eb86f8934,File,澶辩劍2.png - 澶辩劍2.png - 01,/ZHONGyuan/Dessin/澶辩劍2.png,2026-05-23T11:09:34.128Z,https://ik.imagekit.io/ZHONGyuan/ZHONGyuan/Dessin/%E5%A4%B1%E7%84%A62.png?updatedAt=1779534575284,png,6140284,https://ik.imagekit.io/ZHONGyuan/ZHONGyuan/Dessin/澶辩劍2.png,澶辩劍2.png,澶辩劍2.png,,/ZHONGyuan/Dessin/澶辩劍2.png,1,['https://ik.imagekit.io/ZHONGyuan/ZHONGyuan/Dessin/澶辩劍2.png']
6a118aec5c7cd75eb86f6772,File,澶辩劍3.png - 澶辩劍3.png - 01,/ZHONGyuan/Dessin/澶辩劍3.png,2026-05-23T11:09:32.146Z,https://ik.imagekit.io/ZHONGyuan/ZHONGyuan/Dessin/%E5%A4%B1%E7%84%A63.png?updatedAt=1779534573051,png,2513371,https://ik.imagekit.io/ZHONGyuan/ZHONGyuan/Dessin/澶辩劍3.png,澶辩劍3.png,澶辩劍3.png,,/ZHONGyuan/Dessin/澶辩劍3.png,1,['https://ik.imagekit.io/ZHONGyuan/ZHONGyuan/Dessin/澶辩劍3.png']
6a118aeb5c7cd75eb86f5746,File,澶辩劍4.png - 澶辩劍4.png - 01,/ZHONGyuan/Dessin/澶辩劍4.png,2026-05-23T11:09:31.295Z,https://ik.imagekit.io/ZHONGyuan/ZHONGyuan/Dessin/%E5%A4%B1%E7%84%A64.png?updatedAt=1779534572315,png,1504536,https://ik.imagekit.io/ZHONGyuan/ZHONGyuan/Dessin/澶辩劍4.png,澶辩劍4.png,澶辩劍4.png,,/ZHONGyuan/Dessin/澶辩劍4.png,1,['https://ik.imagekit.io/ZHONGyuan/ZHONGyuan/Dessin/澶辩劍4.png']
6a118b2f5c7cd75eb8742abc,File,1-01.jpg - 1-01.jpg - 01,/ZHONGyuan/Dry/1-01.jpg,2026-05-23T11:10:39.098Z,https://ik.imagekit.io/ZHONGyuan/ZHONGyuan/Dry/1-01.jpg?updatedAt=1779534639510,jpg,419788,https://ik.imagekit.io/ZHONGyuan/ZHONGyuan/Dry/1-01.jpg,1-01.jpg,1-01.jpg,,/ZHONGyuan/Dry/1-01.jpg,1,['https://ik.imagekit.io/ZHONGyuan/ZHONGyuan/Dry/1-01.jpg']
6a118b2f5c7cd75eb8742c80,File,10-01.jpg - 10-01.jpg - 01,/ZHONGyuan/Dry/10-01.jpg,2026-05-23T11:10:39.151Z,https://ik.imagekit.io/ZHONGyuan/ZHONGyuan/Dry/10-01.jpg?updatedAt=1779534639664,jpg,443124,https://ik.imagekit.io/ZHONGyuan/ZHONGyuan/Dry/10-01.jpg,10-01.jpg,10-01.jpg,,/ZHONGyuan/Dry/10-01.jpg,1,['https://ik.imagekit.io/ZHONGyuan/ZHONGyuan/Dry/10-01.jpg']
6a118b305c7cd75eb8743aa5,File,11-01.jpg - 11-01.jpg - 01,/ZHONGyuan/Dry/11-01.jpg,2026-05-23T11:10:39.940Z,https://ik.imagekit.io/ZHONGyuan/ZHONGyuan/Dry/11-01.jpg?updatedAt=1779534640365,jpg,1441181,https://ik.imagekit.io/ZHONGyuan/ZHONGyuan/Dry/11-01.jpg,11-01.jpg,11-01.jpg,,/ZHONGyuan/Dry/11-01.jpg,1,['https://ik.imagekit.io/ZHONGyuan/ZHONGyuan/Dry/11-01.jpg']
6a118b2f5c7cd75eb87437fb,File,12-01.jpg - 12-01.jpg - 01,/ZHONGyuan/Dry/12-01.jpg,2026-05-23T11:10:39.730Z,https://ik.imagekit.io/ZHONGyuan/ZHONGyuan/Dry/12-01.jpg?updatedAt=1779534640159,jpg,1089401,https://ik.imagekit.io/ZHONGyuan/ZHONGyuan/Dry/12-01.jpg,12-01.jpg,12-01.jpg,,/ZHONGyuan/Dry/12-01.jpg,1,['https://ik.imagekit.io/ZHONGyuan/ZHONGyuan/Dry/12-01.jpg']
6a118b2f5c7cd75eb8743215,File,13-01.jpg - 13-01.jpg - 01,/ZHONGyuan/Dry/13-01.jpg,2026-05-23T11:10:39.497Z,https://ik.imagekit.io/ZHONGyuan/ZHONGyuan/Dry/13-01.jpg?updatedAt=1779534639932,jpg,608513,https://ik.imagekit.io/ZHONGyuan/ZHONGyuan/Dry/13-01.jpg,13-01.jpg,13-01.jpg,,/ZHONGyuan/Dry/13-01.jpg,1,['https://ik.imagekit.io/ZHONGyuan/ZHONGyuan/Dry/13-01.jpg']
6a118b2f5c7cd75eb8742c6a,File,14-01.jpg - 14-01.jpg - 01,/ZHONGyuan/Dry/14-01.jpg,2026-05-23T11:10:39.146Z,https://ik.imagekit.io/ZHONGyuan/ZHONGyuan/Dry/14-01.jpg?updatedAt=1779534639657,jpg,398490,https://ik.imagekit.io/ZHONGyuan/ZHONGyuan/Dry/14-01.jpg,14-01.jpg,14-01.jpg,,/ZHONGyuan/Dry/14-01.jpg,1,['https://ik.imagekit.io/ZHONGyuan/ZHONGyuan/Dry/14-01.jpg']
6a118b2f5c7cd75eb874290c,File,15-01.jpg - 15-01.jpg - 01,/ZHONGyuan/Dry/15-01.jpg,2026-05-23T11:10:39.013Z,https://ik.imagekit.io/ZHONGyuan/ZHONGyuan/Dry/15-01.jpg?updatedAt=1779534639454,jpg,306034,https://ik.imagekit.io/ZHONGyuan/ZHONGyuan/Dry/15-01.jpg,15-01.jpg,15-01.jpg,,/ZHONGyuan/Dry/15-01.jpg,1,['https://ik.imagekit.io/ZHONGyuan/ZHONGyuan/Dry/15-01.jpg']
6a118b2f5c7cd75eb8742f82,File,16-01.jpg - 16-01.jpg - 01,/ZHONGyuan/Dry/16-01.jpg,2026-05-23T11:10:39.251Z,https://ik.imagekit.io/ZHONGyuan/ZHONGyuan/Dry/16-01.jpg?updatedAt=1779534639688,jpg,491453,https://ik.imagekit.io/ZHONGyuan/ZHONGyuan/Dry/16-01.jpg,16-01.jpg,16-01.jpg,,/ZHONGyuan/Dry/16-01.jpg,1,['https://ik.imagekit.io/ZHONGyuan/ZHONGyuan/Dry/16-01.jpg']
6a118b2f5c7cd75eb87427ee,File,17-01.jpg - 17-01.jpg - 01,/ZHONGyuan/Dry/17-01.jpg,2026-05-23T11:10:38.886Z,https://ik.imagekit.io/ZHONGyuan/ZHONGyuan/Dry/17-01.jpg?updatedAt=1779534639324,jpg,222306,https://ik.imagekit.io/ZHONGyuan/ZHONGyuan/Dry/17-01.jpg,17-01.jpg,17-01.jpg,,/ZHONGyuan/Dry/17-01.jpg,1,['https://ik.imagekit.io/ZHONGyuan/ZHONGyuan/Dry/17-01.jpg']
6a118b2e5c7cd75eb8742068,File,18-01.jpg - 18-01.jpg - 01,/ZHONGyuan/Dry/18-01.jpg,2026-05-23T11:10:38.532Z,https://ik.imagekit.io/ZHONGyuan/ZHONGyuan/Dry/18-01.jpg?updatedAt=1779534638941,jpg,125327,https://ik.imagekit.io/ZHONGyuan/ZHONGyuan/Dry/18-01.jpg,18-01.jpg,18-01.jpg,,/ZHONGyuan/Dry/18-01.jpg,1,['https://ik.imagekit.io/ZHONGyuan/ZHONGyuan/Dry/18-01.jpg']
6a118b2f5c7cd75eb8742843,File,19-01.jpg - 19-01.jpg - 01,/ZHONGyuan/Dry/19-01.jpg,2026-05-23T11:10:38.977Z,https://ik.imagekit.io/ZHONGyuan/ZHONGyuan/Dry/19-01.jpg?updatedAt=1779534639388,jpg,283855,https://ik.imagekit.io/ZHONGyuan/ZHONGyuan/Dry/19-01.jpg,19-01.jpg,19-01.jpg,,/ZHONGyuan/Dry/19-01.jpg,1,['https://ik.imagekit.io/ZHONGyuan/ZHONGyuan/Dry/19-01.jpg']
6a118b315c7cd75eb8744c80,File,1test.gif - 1test.gif - 01,/ZHONGyuan/Dry/1test.gif,2026-05-23T11:10:40.930Z,https://ik.imagekit.io/ZHONGyuan/ZHONGyuan/Dry/1test.gif?updatedAt=1779534642067,gif,5469256,https://ik.imagekit.io/ZHONGyuan/ZHONGyuan/Dry/1test.gif,1test.gif,1test.gif,,/ZHONGyuan/Dry/1test.gif,1,['https://ik.imagekit.io/ZHONGyuan/ZHONGyuan/Dry/1test.gif']
6a118b2f5c7cd75eb8742ea1,File,2-01.jpg - 2-01.jpg - 01,/ZHONGyuan/Dry/2-01.jpg,2026-05-23T11:10:39.229Z,https://ik.imagekit.io/ZHONGyuan/ZHONGyuan/Dry/2-01.jpg?updatedAt=1779534639647,jpg,522536,https://ik.imagekit.io/ZHONGyuan/ZHONGyuan/Dry/2-01.jpg,2-01.jpg,2-01.jpg,,/ZHONGyuan/Dry/2-01.jpg,1,['https://ik.imagekit.io/ZHONGyuan/ZHONGyuan/Dry/2-01.jpg']
6a118b2f5c7cd75eb874281c,File,20-01.jpg - 20-01.jpg - 01,/ZHONGyuan/Dry/20-01.jpg,2026-05-23T11:10:38.945Z,https://ik.imagekit.io/ZHONGyuan/ZHONGyuan/Dry/20-01.jpg?updatedAt=1779534639366,jpg,265996,https://ik.imagekit.io/ZHONGyuan/ZHONGyuan/Dry/20-01.jpg,20-01.jpg,20-01.jpg,,/ZHONGyuan/Dry/20-01.jpg,1,['https://ik.imagekit.io/ZHONGyuan/ZHONGyuan/Dry/20-01.jpg']
6a118b2e5c7cd75eb87426ff,File,21-01.jpg - 21-01.jpg - 01,/ZHONGyuan/Dry/21-01.jpg,2026-05-23T11:10:38.784Z,https://ik.imagekit.io/ZHONGyuan/ZHONGyuan/Dry/21-01.jpg?updatedAt=1779534639227,jpg,176500,https://ik.imagekit.io/ZHONGyuan/ZHONGyuan/Dry/21-01.jpg,21-01.jpg,21-01.jpg,,/ZHONGyuan/Dry/21-01.jpg,1,['https://ik.imagekit.io/ZHONGyuan/ZHONGyuan/Dry/21-01.jpg']
6a118b2f5c7cd75eb8742864,File,22-01.jpg - 22-01.jpg - 01,/ZHONGyuan/Dry/22-01.jpg,2026-05-23T11:10:38.989Z,https://ik.imagekit.io/ZHONGyuan/ZHONGyuan/Dry/22-01.jpg?updatedAt=1779534639527,jpg,278455,https://ik.imagekit.io/ZHONGyuan/ZHONGyuan/Dry/22-01.jpg,22-01.jpg,22-01.jpg,,/ZHONGyuan/Dry/22-01.jpg,1,['https://ik.imagekit.io/ZHONGyuan/ZHONGyuan/Dry/22-01.jpg']
6a118b2f5c7cd75eb8742808,File,23-01.jpg - 23-01.jpg - 01,/ZHONGyuan/Dry/23-01.jpg,2026-05-23T11:10:38.926Z,https://ik.imagekit.io/ZHONGyuan/ZHONGyuan/Dry/23-01.jpg?updatedAt=1779534639343,jpg,262283,https://ik.imagekit.io/ZHONGyuan/ZHONGyuan/Dry/23-01.jpg,23-01.jpg,23-01.jpg,,/ZHONGyuan/Dry/23-01.jpg,1,['https://ik.imagekit.io/ZHONGyuan/ZHONGyuan/Dry/23-01.jpg']
6a118b2f5c7cd75eb8742a45,File,24-01.jpg - 24-01.jpg - 01,/ZHONGyuan/Dry/24-01.jpg,2026-05-23T11:10:39.053Z,https://ik.imagekit.io/ZHONGyuan/ZHONGyuan/Dry/24-01.jpg?updatedAt=1779534639458,jpg,344132,https://ik.imagekit.io/ZHONGyuan/ZHONGyuan/Dry/24-01.jpg,24-01.jpg,24-01.jpg,,/ZHONGyuan/Dry/24-01.jpg,1,['https://ik.imagekit.io/ZHONGyuan/ZHONGyuan/Dry/24-01.jpg']
6a118b2f5c7cd75eb8742825,File,25-01.jpg - 25-01.jpg - 01,/ZHONGyuan/Dry/25-01.jpg,2026-05-23T11:10:38.951Z,https://ik.imagekit.io/ZHONGyuan/ZHONGyuan/Dry/25-01.jpg?updatedAt=1779534639381,jpg,274847,https://ik.imagekit.io/ZHONGyuan/ZHONGyuan/Dry/25-01.jpg,25-01.jpg,25-01.jpg,,/ZHONGyuan/Dry/25-01.jpg,1,['https://ik.imagekit.io/ZHONGyuan/ZHONGyuan/Dry/25-01.jpg']
6a118b2f5c7cd75eb8742e21,File,26-01.jpg - 26-01.jpg - 01,/ZHONGyuan/Dry/26-01.jpg,2026-05-23T11:10:39.210Z,https://ik.imagekit.io/ZHONGyuan/ZHONGyuan/Dry/26-01.jpg?updatedAt=1779534639633,jpg,453341,https://ik.imagekit.io/ZHONGyuan/ZHONGyuan/Dry/26-01.jpg,26-01.jpg,26-01.jpg,,/ZHONGyuan/Dry/26-01.jpg,1,['https://ik.imagekit.io/ZHONGyuan/ZHONGyuan/Dry/26-01.jpg']
6a118b2f5c7cd75eb8742c85,File,27-01.jpg - 27-01.jpg - 01,/ZHONGyuan/Dry/27-01.jpg,2026-05-23T11:10:39.152Z,https://ik.imagekit.io/ZHONGyuan/ZHONGyuan/Dry/27-01.jpg?updatedAt=1779534639670,jpg,414628,https://ik.imagekit.io/ZHONGyuan/ZHONGyuan/Dry/27-01.jpg,27-01.jpg,27-01.jpg,,/ZHONGyuan/Dry/27-01.jpg,1,['https://ik.imagekit.io/ZHONGyuan/ZHONGyuan/Dry/27-01.jpg']
6a118b2f5c7cd75eb874285d,File,28-01.jpg - 28-01.jpg - 01,/ZHONGyuan/Dry/28-01.jpg,2026-05-23T11:10:38.979Z,https://ik.imagekit.io/ZHONGyuan/ZHONGyuan/Dry/28-01.jpg?updatedAt=1779534639402,jpg,290484,https://ik.imagekit.io/ZHONGyuan/ZHONGyuan/Dry/28-01.jpg,28-01.jpg,28-01.jpg,,/ZHONGyuan/Dry/28-01.jpg,1,['https://ik.imagekit.io/ZHONGyuan/ZHONGyuan/Dry/28-01.jpg']
6a118b2f5c7cd75eb8742f1d,File,29-01.jpg - 29-01.jpg - 01,/ZHONGyuan/Dry/29-01.jpg,2026-05-23T11:10:39.241Z,https://ik.imagekit.io/ZHONGyuan/ZHONGyuan/Dry/29-01.jpg?updatedAt=1779534639654,jpg,481055,https://ik.imagekit.io/ZHONGyuan/ZHONGyuan/Dry/29-01.jpg,29-01.jpg,29-01.jpg,,/ZHONGyuan/Dry/29-01.jpg,1,['https://ik.imagekit.io/ZHONGyuan/ZHONGyuan/Dry/29-01.jpg']
6a118b2f5c7cd75eb8742835,File,3-01.jpg - 3-01.jpg - 01,/ZHONGyuan/Dry/3-01.jpg,2026-05-23T11:10:38.956Z,https://ik.imagekit.io/ZHONGyuan/ZHONGyuan/Dry/3-01.jpg?updatedAt=1779534639385,jpg,267331,https://ik.imagekit.io/ZHONGyuan/ZHONGyuan/Dry/3-01.jpg,3-01.jpg,3-01.jpg,,/ZHONGyuan/Dry/3-01.jpg,1,['https://ik.imagekit.io/ZHONGyuan/ZHONGyuan/Dry/3-01.jpg']
6a118b2f5c7cd75eb87427ea,File,30-01.jpg - 30-01.jpg - 01,/ZHONGyuan/Dry/30-01.jpg,2026-05-23T11:10:38.898Z,https://ik.imagekit.io/ZHONGyuan/ZHONGyuan/Dry/30-01.jpg?updatedAt=1779534639318,jpg,248586,https://ik.imagekit.io/ZHONGyuan/ZHONGyuan/Dry/30-01.jpg,30-01.jpg,30-01.jpg,,/ZHONGyuan/Dry/30-01.jpg,1,['https://ik.imagekit.io/ZHONGyuan/ZHONGyuan/Dry/30-01.jpg']
6a118b2f5c7cd75eb87429b3,File,31-01.jpg - 31-01.jpg - 01,/ZHONGyuan/Dry/31-01.jpg,2026-05-23T11:10:39.035Z,https://ik.imagekit.io/ZHONGyuan/ZHONGyuan/Dry/31-01.jpg?updatedAt=1779534639441,jpg,331681,https://ik.imagekit.io/ZHONGyuan/ZHONGyuan/Dry/31-01.jpg,31-01.jpg,31-01.jpg,,/ZHONGyuan/Dry/31-01.jpg,1,['https://ik.imagekit.io/ZHONGyuan/ZHONGyuan/Dry/31-01.jpg']
6a118b2e5c7cd75eb87427a0,File,32-01.jpg - 32-01.jpg - 01,/ZHONGyuan/Dry/32-01.jpg,2026-05-23T11:10:38.851Z,https://ik.imagekit.io/ZHONGyuan/ZHONGyuan/Dry/32-01.jpg?updatedAt=1779534639268,jpg,192605,https://ik.imagekit.io/ZHONGyuan/ZHONGyuan/Dry/32-01.jpg,32-01.jpg,32-01.jpg,,/ZHONGyuan/Dry/32-01.jpg,1,['https://ik.imagekit.io/ZHONGyuan/ZHONGyuan/Dry/32-01.jpg']
6a118b2f5c7cd75eb8742861,File,33-01.jpg - 33-01.jpg - 01,/ZHONGyuan/Dry/33-01.jpg,2026-05-23T11:10:38.983Z,https://ik.imagekit.io/ZHONGyuan/ZHONGyuan/Dry/33-01.jpg?updatedAt=1779534639521,jpg,264909,https://ik.imagekit.io/ZHONGyuan/ZHONGyuan/Dry/33-01.jpg,33-01.jpg,33-01.jpg,,/ZHONGyuan/Dry/33-01.jpg,1,['https://ik.imagekit.io/ZHONGyuan/ZHONGyuan/Dry/33-01.jpg']
6a118b2e5c7cd75eb8742788,File,34-01.jpg - 34-01.jpg - 01,/ZHONGyuan/Dry/34-01.jpg,2026-05-23T11:10:38.833Z,https://ik.imagekit.io/ZHONGyuan/ZHONGyuan/Dry/34-01.jpg?updatedAt=1779534639360,jpg,164632,https://ik.imagekit.io/ZHONGyuan/ZHONGyuan/Dry/34-01.jpg,34-01.jpg,34-01.jpg,,/ZHONGyuan/Dry/34-01.jpg,1,['https://ik.imagekit.io/ZHONGyuan/ZHONGyuan/Dry/34-01.jpg']
6a118b2f5c7cd75eb8742e83,File,35-01.jpg - 35-01.jpg - 01,/ZHONGyuan/Dry/35-01.jpg,2026-05-23T11:10:39.217Z,https://ik.imagekit.io/ZHONGyuan/ZHONGyuan/Dry/35-01.jpg?updatedAt=1779534639642,jpg,470632,https://ik.imagekit.io/ZHONGyuan/ZHONGyuan/Dry/35-01.jpg,35-01.jpg,35-01.jpg,,/ZHONGyuan/Dry/35-01.jpg,1,['https://ik.imagekit.io/ZHONGyuan/ZHONGyuan/Dry/35-01.jpg']
6a118b305c7cd75eb8743a90,File,36-01.jpg - 36-01.jpg - 01,/ZHONGyuan/Dry/36-01.jpg,2026-05-23T11:10:39.918Z,https://ik.imagekit.io/ZHONGyuan/ZHONGyuan/Dry/36-01.jpg?updatedAt=1779534640390,jpg,1415950,https://ik.imagekit.io/ZHONGyuan/ZHONGyuan/Dry/36-01.jpg,36-01.jpg,36-01.jpg,,/ZHONGyuan/Dry/36-01.jpg,1,['https://ik.imagekit.io/ZHONGyuan/ZHONGyuan/Dry/36-01.jpg']
6a118b2f5c7cd75eb8742a89,File,4-01.jpg - 4-01.jpg - 01,/ZHONGyuan/Dry/4-01.jpg,2026-05-23T11:10:39.061Z,https://ik.imagekit.io/ZHONGyuan/ZHONGyuan/Dry/4-01.jpg?updatedAt=1779534639508,jpg,353202,https://ik.imagekit.io/ZHONGyuan/ZHONGyuan/Dry/4-01.jpg,4-01.jpg,4-01.jpg,,/ZHONGyuan/Dry/4-01.jpg,1,['https://ik.imagekit.io/ZHONGyuan/ZHONGyuan/Dry/4-01.jpg']
6a118b305c7cd75eb8744375,File,5-01.jpg - 5-01.jpg - 01,/ZHONGyuan/Dry/5-01.jpg,2026-05-23T11:10:40.371Z,https://ik.imagekit.io/ZHONGyuan/ZHONGyuan/Dry/5-01.jpg?updatedAt=1779534640793,jpg,2363630,https://ik.imagekit.io/ZHONGyuan/ZHONGyuan/Dry/5-01.jpg,5-01.jpg,5-01.jpg,,/ZHONGyuan/Dry/5-01.jpg,1,['https://ik.imagekit.io/ZHONGyuan/ZHONGyuan/Dry/5-01.jpg']
6a118b305c7cd75eb8743a67,File,6-01.jpg - 6-01.jpg - 01,/ZHONGyuan/Dry/6-01.jpg,2026-05-23T11:10:39.871Z,https://ik.imagekit.io/ZHONGyuan/ZHONGyuan/Dry/6-01.jpg?updatedAt=1779534640296,jpg,1185103,https://ik.imagekit.io/ZHONGyuan/ZHONGyuan/Dry/6-01.jpg,6-01.jpg,6-01.jpg,,/ZHONGyuan/Dry/6-01.jpg,1,['https://ik.imagekit.io/ZHONGyuan/ZHONGyuan/Dry/6-01.jpg']
6a118b2f5c7cd75eb874379b,File,7-01.jpg - 7-01.jpg - 01,/ZHONGyuan/Dry/7-01.jpg,2026-05-23T11:10:39.721Z,https://ik.imagekit.io/ZHONGyuan/ZHONGyuan/Dry/7-01.jpg?updatedAt=1779534640140,jpg,1065162,https://ik.imagekit.io/ZHONGyuan/ZHONGyuan/Dry/7-01.jpg,7-01.jpg,7-01.jpg,,/ZHONGyuan/Dry/7-01.jpg,1,['https://ik.imagekit.io/ZHONGyuan/ZHONGyuan/Dry/7-01.jpg']
6a118b2f5c7cd75eb874354c,File,8-01.jpg - 8-01.jpg - 01,/ZHONGyuan/Dry/8-01.jpg,2026-05-23T11:10:39.638Z,https://ik.imagekit.io/ZHONGyuan/ZHONGyuan/Dry/8-01.jpg?updatedAt=1779534640137,jpg,974706,https://ik.imagekit.io/ZHONGyuan/ZHONGyuan/Dry/8-01.jpg,8-01.jpg,8-01.jpg,,/ZHONGyuan/Dry/8-01.jpg,1,['https://ik.imagekit.io/ZHONGyuan/ZHONGyuan/Dry/8-01.jpg']
6a118b305c7cd75eb8743ac6,File,9-01.jpg - 9-01.jpg - 01,/ZHONGyuan/Dry/9-01.jpg,2026-05-23T11:10:39.975Z,https://ik.imagekit.io/ZHONGyuan/ZHONGyuan/Dry/9-01.jpg?updatedAt=1779534640401,jpg,1431075,https://ik.imagekit.io/ZHONGyuan/ZHONGyuan/Dry/9-01.jpg,9-01.jpg,9-01.jpg,,/ZHONGyuan/Dry/9-01.jpg,1,['https://ik.imagekit.io/ZHONGyuan/ZHONGyuan/Dry/9-01.jpg']
6a118b305c7cd75eb87447da,File,IMG_3424.png - IMG_3424.png - 01,/ZHONGyuan/Dry/IMG_3424.png,2026-05-23T11:10:40.667Z,https://ik.imagekit.io/ZHONGyuan/ZHONGyuan/Dry/IMG_3424.png?updatedAt=1779534641221,png,4814450,https://ik.imagekit.io/ZHONGyuan/ZHONGyuan/Dry/IMG_3424.png,IMG_3424.png,IMG_3424.png,,/ZHONGyuan/Dry/IMG_3424.png,1,['https://ik.imagekit.io/ZHONGyuan/ZHONGyuan/Dry/IMG_3424.png']
6a118b2e5c7cd75eb8741f1a,File,S1.gif - S1.gif - 01,/ZHONGyuan/Dry/S1.gif,2026-05-23T11:10:38.423Z,https://ik.imagekit.io/ZHONGyuan/ZHONGyuan/Dry/S1.gif?updatedAt=1779534638914,gif,339976,https://ik.imagekit.io/ZHONGyuan/ZHONGyuan/Dry/S1.gif,S1.gif,S1.gif,,/ZHONGyuan/Dry/S1.gif,1,['https://ik.imagekit.io/ZHONGyuan/ZHONGyuan/Dry/S1.gif']
6a118b2f5c7cd75eb874286b,File,S2.gif - S2.gif - 01,/ZHONGyuan/Dry/S2.gif,2026-05-23T11:10:38.990Z,https://ik.imagekit.io/ZHONGyuan/ZHONGyuan/Dry/S2.gif?updatedAt=1779534639539,gif,478939,https://ik.imagekit.io/ZHONGyuan/ZHONGyuan/Dry/S2.gif,S2.gif,S2.gif,,/ZHONGyuan/Dry/S2.gif,1,['https://ik.imagekit.io/ZHONGyuan/ZHONGyuan/Dry/S2.gif']
6a118b2f5c7cd75eb8742e2f,File,S3.gif - S3.gif - 01,/ZHONGyuan/Dry/S3.gif,2026-05-23T11:10:39.206Z,https://ik.imagekit.io/ZHONGyuan/ZHONGyuan/Dry/S3.gif?updatedAt=1779534639735,gif,551635,https://ik.imagekit.io/ZHONGyuan/ZHONGyuan/Dry/S3.gif,S3.gif,S3.gif,,/ZHONGyuan/Dry/S3.gif,1,['https://ik.imagekit.io/ZHONGyuan/ZHONGyuan/Dry/S3.gif']
6a118b2e5c7cd75eb8741eda,File,S4.gif - S4.gif - 01,/ZHONGyuan/Dry/S4.gif,2026-05-23T11:10:38.368Z,https://ik.imagekit.io/ZHONGyuan/ZHONGyuan/Dry/S4.gif?updatedAt=1779534638880,gif,227977,https://ik.imagekit.io/ZHONGyuan/ZHONGyuan/Dry/S4.gif,S4.gif,S4.gif,,/ZHONGyuan/Dry/S4.gif,1,['https://ik.imagekit.io/ZHONGyuan/ZHONGyuan/Dry/S4.gif']
6a118b2f5c7cd75eb8742ab4,File,S5.gif - S5.gif - 01,/ZHONGyuan/Dry/S5.gif,2026-05-23T11:10:39.088Z,https://ik.imagekit.io/ZHONGyuan/ZHONGyuan/Dry/S5.gif?updatedAt=1779534639736,gif,543075,https://ik.imagekit.io/ZHONGyuan/ZHONGyuan/Dry/S5.gif,S5.gif,S5.gif,,/ZHONGyuan/Dry/S5.gif,1,['https://ik.imagekit.io/ZHONGyuan/ZHONGyuan/Dry/S5.gif']
6a118b2e5c7cd75eb874270b,File,S6.gif - S6.gif - 01,/ZHONGyuan/Dry/S6.gif,2026-05-23T11:10:38.784Z,https://ik.imagekit.io/ZHONGyuan/ZHONGyuan/Dry/S6.gif?updatedAt=1779534639283,gif,538410,https://ik.imagekit.io/ZHONGyuan/ZHONGyuan/Dry/S6.gif,S6.gif,S6.gif,,/ZHONGyuan/Dry/S6.gif,1,['https://ik.imagekit.io/ZHONGyuan/ZHONGyuan/Dry/S6.gif']
6a118b2e5c7cd75eb8741f39,File,Sprite-0012.gif - Sprite-0012.gif - 01,/ZHONGyuan/Dry/Sprite-0012.gif,2026-05-23T11:10:38.450Z,https://ik.imagekit.io/ZHONGyuan/ZHONGyuan/Dry/Sprite-0012.gif?updatedAt=1779534638943,gif,82128,https://ik.imagekit.io/ZHONGyuan/ZHONGyuan/Dry/Sprite-0012.gif,Sprite-0012.gif,Sprite-0012.gif,,/ZHONGyuan/Dry/Sprite-0012.gif,1,['https://ik.imagekit.io/ZHONGyuan/ZHONGyuan/Dry/Sprite-0012.gif']
6a118b2f5c7cd75eb8743186,File,affiche_c-01.png - affiche_c-01.png - 01,/ZHONGyuan/Dry/affiche_c-01.png,2026-05-23T11:10:39.428Z,https://ik.imagekit.io/ZHONGyuan/ZHONGyuan/Dry/affiche_c-01.png?updatedAt=1779534640298,png,698148,https://ik.imagekit.io/ZHONGyuan/ZHONGyuan/Dry/affiche_c-01.png,affiche_c-01.png,affiche_c-01.png,,/ZHONGyuan/Dry/affiche_c-01.png,1,['https://ik.imagekit.io/ZHONGyuan/ZHONGyuan/Dry/affiche_c-01.png']
6a118b2f5c7cd75eb8743045,File,dry-01.jpg - dry-01.jpg - 01,/ZHONGyuan/Dry/dry-01.jpg,2026-05-23T11:10:39.270Z,https://ik.imagekit.io/ZHONGyuan/ZHONGyuan/Dry/dry-01.jpg?updatedAt=1779534639687,jpg,461435,https://ik.imagekit.io/ZHONGyuan/ZHONGyuan/Dry/dry-01.jpg,dry-01.jpg,dry-01.jpg,,/ZHONGyuan/Dry/dry-01.jpg,1,['https://ik.imagekit.io/ZHONGyuan/ZHONGyuan/Dry/dry-01.jpg']
6a118b2e5c7cd75eb87423f7,File,dry-01_edited.jpg - dry-01_edited.jpg - 01,/ZHONGyuan/Dry/dry-01_edited.jpg,2026-05-23T11:10:38.694Z,https://ik.imagekit.io/ZHONGyuan/ZHONGyuan/Dry/dry-01_edited.jpg?updatedAt=1779534639093,jpg,149892,https://ik.imagekit.io/ZHONGyuan/ZHONGyuan/Dry/dry-01_edited.jpg,dry-01_edited.jpg,dry-01_edited.jpg,,/ZHONGyuan/Dry/dry-01_edited.jpg,1,['https://ik.imagekit.io/ZHONGyuan/ZHONGyuan/Dry/dry-01_edited.jpg']
6a118b2f5c7cd75eb8742fad,File,evolution.gif - evolution.gif - 01,/ZHONGyuan/Dry/evolution.gif,2026-05-23T11:10:39.259Z,https://ik.imagekit.io/ZHONGyuan/ZHONGyuan/Dry/evolution.gif?updatedAt=1779534639765,gif,498105,https://ik.imagekit.io/ZHONGyuan/ZHONGyuan/Dry/evolution.gif,evolution.gif,evolution.gif,,/ZHONGyuan/Dry/evolution.gif,1,['https://ik.imagekit.io/ZHONGyuan/ZHONGyuan/Dry/evolution.gif']
6a118b2e5c7cd75eb8741748,File,exposition1.jpg - exposition1.jpg - 01,/ZHONGyuan/Dry/exposition1.jpg,2026-05-23T11:10:37.991Z,https://ik.imagekit.io/ZHONGyuan/ZHONGyuan/Dry/exposition1.jpg?updatedAt=1779534638741,jpg,7444624,https://ik.imagekit.io/ZHONGyuan/ZHONGyuan/Dry/exposition1.jpg,exposition1.jpg,exposition1.jpg,,/ZHONGyuan/Dry/exposition1.jpg,1,['https://ik.imagekit.io/ZHONGyuan/ZHONGyuan/Dry/exposition1.jpg']
6a118b305c7cd75eb8744896,File,exposition2.jpg - exposition2.jpg - 01,/ZHONGyuan/Dry/exposition2.jpg,2026-05-23T11:10:40.693Z,https://ik.imagekit.io/ZHONGyuan/ZHONGyuan/Dry/exposition2.jpg?updatedAt=1779534641346,jpg,5473647,https://ik.imagekit.io/ZHONGyuan/ZHONGyuan/Dry/exposition2.jpg,exposition2.jpg,exposition2.jpg,,/ZHONGyuan/Dry/exposition2.jpg,1,['https://ik.imagekit.io/ZHONGyuan/ZHONGyuan/Dry/exposition2.jpg']
6a118b305c7cd75eb8744a31,File,exposition3.jpg - exposition3.jpg - 01,/ZHONGyuan/Dry/exposition3.jpg,2026-05-23T11:10:40.741Z,https://ik.imagekit.io/ZHONGyuan/ZHONGyuan/Dry/exposition3.jpg?updatedAt=1779534641399,jpg,5824461,https://ik.imagekit.io/ZHONGyuan/ZHONGyuan/Dry/exposition3.jpg,exposition3.jpg,exposition3.jpg,,/ZHONGyuan/Dry/exposition3.jpg,1,['https://ik.imagekit.io/ZHONGyuan/ZHONGyuan/Dry/exposition3.jpg']
6a118b315c7cd75eb8744c97,File,exposition4.jpg - exposition4.jpg - 01,/ZHONGyuan/Dry/exposition4.jpg,2026-05-23T11:10:40.962Z,https://ik.imagekit.io/ZHONGyuan/ZHONGyuan/Dry/exposition4.jpg?updatedAt=1779534641674,jpg,8379959,https://ik.imagekit.io/ZHONGyuan/ZHONGyuan/Dry/exposition4.jpg,exposition4.jpg,exposition4.jpg,,/ZHONGyuan/Dry/exposition4.jpg,1,['https://ik.imagekit.io/ZHONGyuan/ZHONGyuan/Dry/exposition4.jpg']
6a118b2e5c7cd75eb8741ea0,File,marinade-01.jpg - marinade-01.jpg - 01,/ZHONGyuan/Dry/marinade-01.jpg,2026-05-23T11:10:38.315Z,https://ik.imagekit.io/ZHONGyuan/ZHONGyuan/Dry/marinade-01.jpg?updatedAt=1779534638758,jpg,361337,https://ik.imagekit.io/ZHONGyuan/ZHONGyuan/Dry/marinade-01.jpg,marinade-01.jpg,marinade-01.jpg,,/ZHONGyuan/Dry/marinade-01.jpg,1,['https://ik.imagekit.io/ZHONGyuan/ZHONGyuan/Dry/marinade-01.jpg']
6a118b2e5c7cd75eb8741f54,File,piscinergb-01.jpg - piscinergb-01.jpg - 01,/ZHONGyuan/Dry/piscinergb-01.jpg,2026-05-23T11:10:38.476Z,https://ik.imagekit.io/ZHONGyuan/ZHONGyuan/Dry/piscinergb-01.jpg?updatedAt=1779534638900,jpg,496432,https://ik.imagekit.io/ZHONGyuan/ZHONGyuan/Dry/piscinergb-01.jpg,piscinergb-01.jpg,piscinergb-01.jpg,,/ZHONGyuan/Dry/piscinergb-01.jpg,1,['https://ik.imagekit.io/ZHONGyuan/ZHONGyuan/Dry/piscinergb-01.jpg']
6a118b2f5c7cd75eb8742c78,File,snake.gif - snake.gif - 01,/ZHONGyuan/Dry/snake.gif,2026-05-23T11:10:39.149Z,https://ik.imagekit.io/ZHONGyuan/ZHONGyuan/Dry/snake.gif?updatedAt=1779534639701,gif,440362,https://ik.imagekit.io/ZHONGyuan/ZHONGyuan/Dry/snake.gif,snake.gif,snake.gif,,/ZHONGyuan/Dry/snake.gif,1,['https://ik.imagekit.io/ZHONGyuan/ZHONGyuan/Dry/snake.gif']
6a118b305c7cd75eb8744c0f,File,start.gif - start.gif - 01,/ZHONGyuan/Dry/start.gif,2026-05-23T11:10:40.798Z,https://ik.imagekit.io/ZHONGyuan/ZHONGyuan/Dry/start.gif?updatedAt=1779534641318,gif,4049325,https://ik.imagekit.io/ZHONGyuan/ZHONGyuan/Dry/start.gif,start.gif,start.gif,,/ZHONGyuan/Dry/start.gif,1,['https://ik.imagekit.io/ZHONGyuan/ZHONGyuan/Dry/start.gif']
6a118b2f5c7cd75eb8742ebd,File,浜ら€氬缓璁?01.jpg - 浜ら€氬缓璁?01.jpg - 01,/ZHONGyuan/Dry/浜ら€氬缓璁?01.jpg,2026-05-23T11:10:39.232Z,https://ik.imagekit.io/ZHONGyuan/ZHONGyuan/Dry/%E4%BA%A4%E9%80%9A%E5%BB%BA%E8%AE%AE-01.jpg?updatedAt=1779534639641,jpg,513447,https://ik.imagekit.io/ZHONGyuan/ZHONGyuan/Dry/浜ら€氬缓璁?01.jpg,浜ら€氬缓璁?01.jpg,浜ら€氬缓璁?01.jpg,,/ZHONGyuan/Dry/浜ら€氬缓璁?01.jpg,1,['https://ik.imagekit.io/ZHONGyuan/ZHONGyuan/Dry/浜ら€氬缓璁?01.jpg']
6a118b305c7cd75eb8744672,File,妯辫姳-01.jpg - 妯辫姳-01.jpg - 01,/ZHONGyuan/Dry/妯辫姳-01.jpg,2026-05-23T11:10:40.567Z,https://ik.imagekit.io/ZHONGyuan/ZHONGyuan/Dry/%E6%A8%B1%E8%8A%B1-01.jpg?updatedAt=1779534641021,jpg,2852326,https://ik.imagekit.io/ZHONGyuan/ZHONGyuan/Dry/妯辫姳-01.jpg,妯辫姳-01.jpg,妯辫姳-01.jpg,,/ZHONGyuan/Dry/妯辫姳-01.jpg,1,['https://ik.imagekit.io/ZHONGyuan/ZHONGyuan/Dry/妯辫姳-01.jpg']
6a118b2f5c7cd75eb87431bd,File,闂?01.jpg - 闂?01.jpg - 01,/ZHONGyuan/Dry/闂?01.jpg,2026-05-23T11:10:39.458Z,https://ik.imagekit.io/ZHONGyuan/ZHONGyuan/Dry/%E9%97%AE-01.jpg?updatedAt=1779534639889,jpg,649680,https://ik.imagekit.io/ZHONGyuan/ZHONGyuan/Dry/闂?01.jpg,闂?01.jpg,闂?01.jpg,,/ZHONGyuan/Dry/闂?01.jpg,1,['https://ik.imagekit.io/ZHONGyuan/ZHONGyuan/Dry/闂?01.jpg']
6a118b4e5c7cd75eb87674a4,File,1.png - 1.png - 01,/ZHONGyuan/Dusk/1.png,2026-05-23T11:11:09.815Z,https://ik.imagekit.io/ZHONGyuan/ZHONGyuan/Dusk/1.png?updatedAt=1779534670417,png,4260285,https://ik.imagekit.io/ZHONGyuan/ZHONGyuan/Dusk/1.png,1.png,1.png,,/ZHONGyuan/Dusk/1.png,1,['https://ik.imagekit.io/ZHONGyuan/ZHONGyuan/Dusk/1.png']
6a118b4d5c7cd75eb8767471,File,2-4e73eff7c472407fb776760cbdc883b3.png - 2-4e73eff7c472407fb776760cbdc883b3.png - 01,/ZHONGyuan/Dusk/2-4e73eff7c472407fb776760cbdc883b3.png,2026-05-23T11:11:09.850Z,https://ik.imagekit.io/ZHONGyuan/ZHONGyuan/Dusk/2-4e73eff7c472407fb776760cbdc883b3.png?updatedAt=1779534670403,png,4905704,https://ik.imagekit.io/ZHONGyuan/ZHONGyuan/Dusk/2-4e73eff7c472407fb776760cbdc883b3.png,2-4e73eff7c472407fb776760cbdc883b3.png,2-4e73eff7c472407fb776760cbdc883b3.png,,/ZHONGyuan/Dusk/2-4e73eff7c472407fb776760cbdc883b3.png,1,['https://ik.imagekit.io/ZHONGyuan/ZHONGyuan/Dusk/2-4e73eff7c472407fb776760cbdc883b3.png']
6a118b4d5c7cd75eb8766c2e,File,3-7a0efcafb6d8477db8813aaf8274a283.png - 3-7a0efcafb6d8477db8813aaf8274a283.png - 01,/ZHONGyuan/Dusk/3-7a0efcafb6d8477db8813aaf8274a283.png,2026-05-23T11:11:09.565Z,https://ik.imagekit.io/ZHONGyuan/ZHONGyuan/Dusk/3-7a0efcafb6d8477db8813aaf8274a283.png?updatedAt=1779534670001,png,1440995,https://ik.imagekit.io/ZHONGyuan/ZHONGyuan/Dusk/3-7a0efcafb6d8477db8813aaf8274a283.png,3-7a0efcafb6d8477db8813aaf8274a283.png,3-7a0efcafb6d8477db8813aaf8274a283.png,,/ZHONGyuan/Dusk/3-7a0efcafb6d8477db8813aaf8274a283.png,1,['https://ik.imagekit.io/ZHONGyuan/ZHONGyuan/Dusk/3-7a0efcafb6d8477db8813aaf8274a283.png']
6a118b4d5c7cd75eb8766d7d,File,4-0e6b10475b44472f92ffbd7b7a29d461.png - 4-0e6b10475b44472f92ffbd7b7a29d461.png - 01,/ZHONGyuan/Dusk/4-0e6b10475b44472f92ffbd7b7a29d461.png,2026-05-23T11:11:09.634Z,https://ik.imagekit.io/ZHONGyuan/ZHONGyuan/Dusk/4-0e6b10475b44472f92ffbd7b7a29d461.png?updatedAt=1779534670102,png,1931857,https://ik.imagekit.io/ZHONGyuan/ZHONGyuan/Dusk/4-0e6b10475b44472f92ffbd7b7a29d461.png,4-0e6b10475b44472f92ffbd7b7a29d461.png,4-0e6b10475b44472f92ffbd7b7a29d461.png,,/ZHONGyuan/Dusk/4-0e6b10475b44472f92ffbd7b7a29d461.png,1,['https://ik.imagekit.io/ZHONGyuan/ZHONGyuan/Dusk/4-0e6b10475b44472f92ffbd7b7a29d461.png']
6a118b4e5c7cd75eb87675db,File,5.png - 5.png - 01,/ZHONGyuan/Dusk/5.png,2026-05-23T11:11:10.055Z,https://ik.imagekit.io/ZHONGyuan/ZHONGyuan/Dusk/5.png?updatedAt=1779534670802,png,9696151,https://ik.imagekit.io/ZHONGyuan/ZHONGyuan/Dusk/5.png,5.png,5.png,,/ZHONGyuan/Dusk/5.png,1,['https://ik.imagekit.io/ZHONGyuan/ZHONGyuan/Dusk/5.png']
6a118b4d5c7cd75eb8766d67,File,arduino2.png - arduino2.png - 01,/ZHONGyuan/Dusk/arduino2.png,2026-05-23T11:11:09.630Z,https://ik.imagekit.io/ZHONGyuan/ZHONGyuan/Dusk/arduino2.png?updatedAt=1779534670061,png,43090,https://ik.imagekit.io/ZHONGyuan/ZHONGyuan/Dusk/arduino2.png,arduino2.png,arduino2.png,,/ZHONGyuan/Dusk/arduino2.png,1,['https://ik.imagekit.io/ZHONGyuan/ZHONGyuan/Dusk/arduino2.png']
6a118b4e5c7cd75eb8767496,File,dusk1_椤甸潰_02.png - dusk1_椤甸潰_02.png - 01,/ZHONGyuan/Dusk/dusk1_椤甸潰_02.png,2026-05-23T11:11:09.863Z,https://ik.imagekit.io/ZHONGyuan/ZHONGyuan/Dusk/dusk1_%E9%A1%B5%E9%9D%A2_02.png?updatedAt=1779534670472,png,5461495,https://ik.imagekit.io/ZHONGyuan/ZHONGyuan/Dusk/dusk1_椤甸潰_02.png,dusk1_椤甸潰_02.png,dusk1_椤甸潰_02.png,,/ZHONGyuan/Dusk/dusk1_椤甸潰_02.png,1,['https://ik.imagekit.io/ZHONGyuan/ZHONGyuan/Dusk/dusk1_椤甸潰_02.png']
6a118b4e5c7cd75eb8767531,File,dusk1_椤甸潰_08.png - dusk1_椤甸潰_08.png - 01,/ZHONGyuan/Dusk/dusk1_椤甸潰_08.png,2026-05-23T11:11:09.903Z,https://ik.imagekit.io/ZHONGyuan/ZHONGyuan/Dusk/dusk1_%E9%A1%B5%E9%9D%A2_08.png?updatedAt=1779534670465,png,375652,https://ik.imagekit.io/ZHONGyuan/ZHONGyuan/Dusk/dusk1_椤甸潰_08.png,dusk1_椤甸潰_08.png,dusk1_椤甸潰_08.png,,/ZHONGyuan/Dusk/dusk1_椤甸潰_08.png,1,['https://ik.imagekit.io/ZHONGyuan/ZHONGyuan/Dusk/dusk1_椤甸潰_08.png']
6a118b4d5c7cd75eb8766a9b,File,fonctionnement_global.png - fonctionnement_global.png - 01,/ZHONGyuan/Dusk/fonctionnement_global.png,2026-05-23T11:11:09.403Z,https://ik.imagekit.io/ZHONGyuan/ZHONGyuan/Dusk/fonctionnement_global.png?updatedAt=1779534669930,png,223967,https://ik.imagekit.io/ZHONGyuan/ZHONGyuan/Dusk/fonctionnement_global.png,fonctionnement_global.png,fonctionnement_global.png,,/ZHONGyuan/Dusk/fonctionnement_global.png,1,['https://ik.imagekit.io/ZHONGyuan/ZHONGyuan/Dusk/fonctionnement_global.png']
6a118b4d5c7cd75eb8766aa7,File,logo_鐢绘澘 1.png - logo_鐢绘澘 1.png - 01,/ZHONGyuan/Dusk/logo_鐢绘澘 1.png,2026-05-23T11:11:09.417Z,https://ik.imagekit.io/ZHONGyuan/ZHONGyuan/Dusk/logo_%E7%94%BB%E6%9D%BF%201.png?updatedAt=1779534670361,png,262228,https://ik.imagekit.io/ZHONGyuan/ZHONGyuan/Dusk/logo_鐢绘澘 1.png,logo_鐢绘澘 1.png,logo_鐢绘澘 1.png,,/ZHONGyuan/Dusk/logo_鐢绘澘 1.png,1,['https://ik.imagekit.io/ZHONGyuan/ZHONGyuan/Dusk/logo_鐢绘澘 1.png']
6a118b4e5c7cd75eb876758f,File,sc茅nario.png - sc茅nario.png - 01,/ZHONGyuan/Dusk/sc茅nario.png,2026-05-23T11:11:09.962Z,https://ik.imagekit.io/ZHONGyuan/ZHONGyuan/Dusk/sc%C3%A9nario.png?updatedAt=1779534670509,png,329458,https://ik.imagekit.io/ZHONGyuan/ZHONGyuan/Dusk/sc茅nario.png,sc茅nario.png,sc茅nario.png,,/ZHONGyuan/Dusk/sc茅nario.png,1,['https://ik.imagekit.io/ZHONGyuan/ZHONGyuan/Dusk/sc茅nario.png']
6a118b4e5c7cd75eb8767498,File,sun2.21.gif - sun2.21.gif - 01,/ZHONGyuan/Dusk/sun2.21.gif,2026-05-23T11:11:09.865Z,https://ik.imagekit.io/ZHONGyuan/ZHONGyuan/Dusk/sun2.21.gif?updatedAt=1779534670413,gif,1318087,https://ik.imagekit.io/ZHONGyuan/ZHONGyuan/Dusk/sun2.21.gif,sun2.21.gif,sun2.21.gif,,/ZHONGyuan/Dusk/sun2.21.gif,1,['https://ik.imagekit.io/ZHONGyuan/ZHONGyuan/Dusk/sun2.21.gif']
6a118b665c7cd75eb8784466,File,50457_ephemeris_l_un_des8prototypesderealitevirtuelleetaugmenteepresen_original.jpg - 50457_ephemeris_l_un_des8prototypesderealitevirtuelleetaugmenteepresen_original.jpg - 01,/ZHONGyuan/Ephemere/50457_ephemeris_l_un_des8prototypesderealitevirtuelleetaugmenteepresen_original.jpg,2026-05-23T11:11:33.961Z,https://ik.imagekit.io/ZHONGyuan/ZHONGyuan/Ephemere/50457_ephemeris_l_un_des8prototypesderealitevirtuelleetaugmenteepresen_original.jpg?updatedAt=1779534694426,jpg,2150025,https://ik.imagekit.io/ZHONGyuan/ZHONGyuan/Ephemere/50457_ephemeris_l_un_des8prototypesderealitevirtuelleetaugmenteepresen_original.jpg,50457_ephemeris_l_un_des8prototypesderealitevirtuelleetaugmenteepresen_original.jpg,50457_ephemeris_l_un_des8prototypesderealitevirtuelleetaugmenteepresen_original.jpg,,/ZHONGyuan/Ephemere/50457_ephemeris_l_un_des8prototypesderealitevirtuelleetaugmenteepresen_original.jpg,1,['https://ik.imagekit.io/ZHONGyuan/ZHONGyuan/Ephemere/50457_ephemeris_l_un_des8prototypesderealitevirtuelleetaugmenteepresen_original.jpg']
6a118b665c7cd75eb8784b2d,File,50461_ephemeris_l_un_des8prototypesderealitevirtuelleetaugmenteepresen_original.jpg - 50461_ephemeris_l_un_des8prototypesderealitevirtuelleetaugmenteepresen_original.jpg - 01,/ZHONGyuan/Ephemere/50461_ephemeris_l_un_des8prototypesderealitevirtuelleetaugmenteepresen_original.jpg,2026-05-23T11:11:34.282Z,https://ik.imagekit.io/ZHONGyuan/ZHONGyuan/Ephemere/50461_ephemeris_l_un_des8prototypesderealitevirtuelleetaugmenteepresen_original.jpg?updatedAt=1779534694728,jpg,1356711,https://ik.imagekit.io/ZHONGyuan/ZHONGyuan/Ephemere/50461_ephemeris_l_un_des8prototypesderealitevirtuelleetaugmenteepresen_original.jpg,50461_ephemeris_l_un_des8prototypesderealitevirtuelleetaugmenteepresen_original.jpg,50461_ephemeris_l_un_des8prototypesderealitevirtuelleetaugmenteepresen_original.jpg,,/ZHONGyuan/Ephemere/50461_ephemeris_l_un_des8prototypesderealitevirtuelleetaugmenteepresen_original.jpg,1,['https://ik.imagekit.io/ZHONGyuan/ZHONGyuan/Ephemere/50461_ephemeris_l_un_des8prototypesderealitevirtuelleetaugmenteepresen_original.jpg']
6a118b665c7cd75eb8784b3a,File,50464_ephemeris_l_un_des8prototypesderealitevirtuelleetaugmenteepresen_original.jpg - 50464_ephemeris_l_un_des8prototypesderealitevirtuelleetaugmenteepresen_original.jpg - 01,/ZHONGyuan/Ephemere/50464_ephemeris_l_un_des8prototypesderealitevirtuelleetaugmenteepresen_original.jpg,2026-05-23T11:11:34.301Z,https://ik.imagekit.io/ZHONGyuan/ZHONGyuan/Ephemere/50464_ephemeris_l_un_des8prototypesderealitevirtuelleetaugmenteepresen_original.jpg?updatedAt=1779534694747,jpg,1578918,https://ik.imagekit.io/ZHONGyuan/ZHONGyuan/Ephemere/50464_ephemeris_l_un_des8prototypesderealitevirtuelleetaugmenteepresen_original.jpg,50464_ephemeris_l_un_des8prototypesderealitevirtuelleetaugmenteepresen_original.jpg,50464_ephemeris_l_un_des8prototypesderealitevirtuelleetaugmenteepresen_original.jpg,,/ZHONGyuan/Ephemere/50464_ephemeris_l_un_des8prototypesderealitevirtuelleetaugmenteepresen_original.jpg,1,['https://ik.imagekit.io/ZHONGyuan/ZHONGyuan/Ephemere/50464_ephemeris_l_un_des8prototypesderealitevirtuelleetaugmenteepresen_original.jpg']
6a118b685c7cd75eb8786692,File,Ephemeris.mp4 - Ephemeris.mp4 - 01,/ZHONGyuan/Ephemere/Ephemeris.mp4,2026-05-23T11:11:35.864Z,https://ik.imagekit.io/ZHONGyuan/ZHONGyuan/Ephemere/Ephemeris.mp4?updatedAt=1779534696565,mp4,13439717,https://ik.imagekit.io/ZHONGyuan/ZHONGyuan/Ephemere/Ephemeris.mp4,Ephemeris.mp4,Ephemeris.mp4,,/ZHONGyuan/Ephemere/Ephemeris.mp4,1,['https://ik.imagekit.io/ZHONGyuan/ZHONGyuan/Ephemere/Ephemeris.mp4']
6a118b685c7cd75eb8786f24,File,Ephemeris_Lighter.m4v - Ephemeris_Lighter.m4v - 01,/ZHONGyuan/Ephemere/Ephemeris_Lighter.m4v,2026-05-23T11:11:36.386Z,https://ik.imagekit.io/ZHONGyuan/ZHONGyuan/Ephemere/Ephemeris_Lighter.m4v?updatedAt=1779534697148,mp4,24936180,https://ik.imagekit.io/ZHONGyuan/ZHONGyuan/Ephemere/Ephemeris_Lighter.m4v,Ephemeris_Lighter.m4v,Ephemeris_Lighter.m4v,,/ZHONGyuan/Ephemere/Ephemeris_Lighter.m4v,1,['https://ik.imagekit.io/ZHONGyuan/ZHONGyuan/Ephemere/Ephemeris_Lighter.m4v']
6a118b665c7cd75eb8784b69,File,Ephemeris_Yuan_Zhong_Quentin_Le_Garrec.png - Ephemeris_Yuan_Zhong_Quentin_Le_Garrec.png - 01,/ZHONGyuan/Ephemere/Ephemeris_Yuan_Zhong_Quentin_Le_Garrec.png,2026-05-23T11:11:34.331Z,https://ik.imagekit.io/ZHONGyuan/ZHONGyuan/Ephemere/Ephemeris_Yuan_Zhong_Quentin_Le_Garrec.png?updatedAt=1779534694817,png,1988795,https://ik.imagekit.io/ZHONGyuan/ZHONGyuan/Ephemere/Ephemeris_Yuan_Zhong_Quentin_Le_Garrec.png,Ephemeris_Yuan_Zhong_Quentin_Le_Garrec.png,Ephemeris_Yuan_Zhong_Quentin_Le_Garrec.png,,/ZHONGyuan/Ephemere/Ephemeris_Yuan_Zhong_Quentin_Le_Garrec.png,1,['https://ik.imagekit.io/ZHONGyuan/ZHONGyuan/Ephemere/Ephemeris_Yuan_Zhong_Quentin_Le_Garrec.png']
6a118b665c7cd75eb878485c,File,Ephemeris_Yuan_Zhong_Quentin_Le_Garrec_edited.jpg - Ephemeris_Yuan_Zhong_Quentin_Le_Garrec_edited.jpg - 01,/ZHONGyuan/Ephemere/Ephemeris_Yuan_Zhong_Quentin_Le_Garrec_edited.jpg,2026-05-23T11:11:34.187Z,https://ik.imagekit.io/ZHONGyuan/ZHONGyuan/Ephemere/Ephemeris_Yuan_Zhong_Quentin_Le_Garrec_edited.jpg?updatedAt=1779534694599,jpg,153052,https://ik.imagekit.io/ZHONGyuan/ZHONGyuan/Ephemere/Ephemeris_Yuan_Zhong_Quentin_Le_Garrec_edited.jpg,Ephemeris_Yuan_Zhong_Quentin_Le_Garrec_edited.jpg,Ephemeris_Yuan_Zhong_Quentin_Le_Garrec_edited.jpg,,/ZHONGyuan/Ephemere/Ephemeris_Yuan_Zhong_Quentin_Le_Garrec_edited.jpg,1,['https://ik.imagekit.io/ZHONGyuan/ZHONGyuan/Ephemere/Ephemeris_Yuan_Zhong_Quentin_Le_Garrec_edited.jpg']
6a118b685c7cd75eb87866yt,Video,jVO16C3Nyf4 - jVO16C3Nyf4 - 01,/ZHONGyuan/Ephemere/jVO16C3Nyf4,2026-05-24T00:00:00.000Z,https://youtu.be/jVO16C3Nyf4,youtube,0,https://youtu.be/jVO16C3Nyf4,jVO16C3Nyf4,jVO16C3Nyf4,,/ZHONGyuan/Ephemere/jVO16C3Nyf4,1,['https://youtu.be/jVO16C3Nyf4']
6a118b915c7cd75eb87b53da,File,Augment茅_Yuan.png - Augment茅_Yuan.png - 01,/ZHONGyuan/Fragment/Augment茅_Yuan.png,2026-05-23T11:12:17.627Z,https://ik.imagekit.io/ZHONGyuan/ZHONGyuan/Fragment/Augment%C3%A9_Yuan.png?updatedAt=1779534744538,png,1394164,https://ik.imagekit.io/ZHONGyuan/ZHONGyuan/Fragment/Augment茅_Yuan.png,Augment茅_Yuan.png,Augment茅_Yuan.png,,/ZHONGyuan/Fragment/Augment茅_Yuan.png,1,['https://ik.imagekit.io/ZHONGyuan/ZHONGyuan/Fragment/Augment茅_Yuan.png']
6a118b915c7cd75eb87b50b1,File,F1.png - F1.png - 01,/ZHONGyuan/Fragment/F1.png,2026-05-23T11:12:17.476Z,https://ik.imagekit.io/ZHONGyuan/ZHONGyuan/Fragment/F1.png?updatedAt=1779534737909,png,233523,https://ik.imagekit.io/ZHONGyuan/ZHONGyuan/Fragment/F1.png,F1.png,F1.png,,/ZHONGyuan/Fragment/F1.png,1,['https://ik.imagekit.io/ZHONGyuan/ZHONGyuan/Fragment/F1.png']
6a118b975c7cd75eb87bc748,File,F110.png - F110.png - 01,/ZHONGyuan/Fragment/F110.png,2026-05-23T11:12:23.053Z,https://ik.imagekit.io/ZHONGyuan/ZHONGyuan/Fragment/F110.png?updatedAt=1779534743494,png,536018,https://ik.imagekit.io/ZHONGyuan/ZHONGyuan/Fragment/F110.png,F110.png,F110.png,,/ZHONGyuan/Fragment/F110.png,1,['https://ik.imagekit.io/ZHONGyuan/ZHONGyuan/Fragment/F110.png']
6a118b955c7cd75eb87b9c6f,File,F111.png - F111.png - 01,/ZHONGyuan/Fragment/F111.png,2026-05-23T11:12:20.922Z,https://ik.imagekit.io/ZHONGyuan/ZHONGyuan/Fragment/F111.png?updatedAt=1779534741357,png,179720,https://ik.imagekit.io/ZHONGyuan/ZHONGyuan/Fragment/F111.png,F111.png,F111.png,,/ZHONGyuan/Fragment/F111.png,1,['https://ik.imagekit.io/ZHONGyuan/ZHONGyuan/Fragment/F111.png']
6a118b975c7cd75eb87bc32c,File,F112.png - F112.png - 01,/ZHONGyuan/Fragment/F112.png,2026-05-23T11:12:22.933Z,https://ik.imagekit.io/ZHONGyuan/ZHONGyuan/Fragment/F112.png?updatedAt=1779534743428,png,445110,https://ik.imagekit.io/ZHONGyuan/ZHONGyuan/Fragment/F112.png,F112.png,F112.png,,/ZHONGyuan/Fragment/F112.png,1,['https://ik.imagekit.io/ZHONGyuan/ZHONGyuan/Fragment/F112.png']
6a118b975c7cd75eb87bc87b,File,F113.png - F113.png - 01,/ZHONGyuan/Fragment/F113.png,2026-05-23T11:12:23.091Z,https://ik.imagekit.io/ZHONGyuan/ZHONGyuan/Fragment/F113.png?updatedAt=1779534743583,png,584407,https://ik.imagekit.io/ZHONGyuan/ZHONGyuan/Fragment/F113.png,F113.png,F113.png,,/ZHONGyuan/Fragment/F113.png,1,['https://ik.imagekit.io/ZHONGyuan/ZHONGyuan/Fragment/F113.png']
6a118b975c7cd75eb87bc9d5,File,F114.png - F114.png - 01,/ZHONGyuan/Fragment/F114.png,2026-05-23T11:12:23.254Z,https://ik.imagekit.io/ZHONGyuan/ZHONGyuan/Fragment/F114.png?updatedAt=1779534743811,png,762504,https://ik.imagekit.io/ZHONGyuan/ZHONGyuan/Fragment/F114.png,F114.png,F114.png,,/ZHONGyuan/Fragment/F114.png,1,['https://ik.imagekit.io/ZHONGyuan/ZHONGyuan/Fragment/F114.png']
6a118b975c7cd75eb87bcf1c,File,F115.png - F115.png - 01,/ZHONGyuan/Fragment/F115.png,2026-05-23T11:12:23.473Z,https://ik.imagekit.io/ZHONGyuan/ZHONGyuan/Fragment/F115.png?updatedAt=1779534743941,png,857056,https://ik.imagekit.io/ZHONGyuan/ZHONGyuan/Fragment/F115.png,F115.png,F115.png,,/ZHONGyuan/Fragment/F115.png,1,['https://ik.imagekit.io/ZHONGyuan/ZHONGyuan/Fragment/F115.png']
6a118b965c7cd75eb87bb80e,File,F116.png - F116.png - 01,/ZHONGyuan/Fragment/F116.png,2026-05-23T11:12:22.264Z,https://ik.imagekit.io/ZHONGyuan/ZHONGyuan/Fragment/F116.png?updatedAt=1779534742773,png,299721,https://ik.imagekit.io/ZHONGyuan/ZHONGyuan/Fragment/F116.png,F116.png,F116.png,,/ZHONGyuan/Fragment/F116.png,1,['https://ik.imagekit.io/ZHONGyuan/ZHONGyuan/Fragment/F116.png']
6a118b915c7cd75eb87b5022,File,F12.png - F12.png - 01,/ZHONGyuan/Fragment/F12.png,2026-05-23T11:12:17.337Z,https://ik.imagekit.io/ZHONGyuan/ZHONGyuan/Fragment/F12.png?updatedAt=1779534737763,png,105208,https://ik.imagekit.io/ZHONGyuan/ZHONGyuan/Fragment/F12.png,F12.png,F12.png,,/ZHONGyuan/Fragment/F12.png,1,['https://ik.imagekit.io/ZHONGyuan/ZHONGyuan/Fragment/F12.png']
6a118b915c7cd75eb87b539c,File,F13.png - F13.png - 01,/ZHONGyuan/Fragment/F13.png,2026-05-23T11:12:17.617Z,https://ik.imagekit.io/ZHONGyuan/ZHONGyuan/Fragment/F13.png?updatedAt=1779534738090,png,541424,https://ik.imagekit.io/ZHONGyuan/ZHONGyuan/Fragment/F13.png,F13.png,F13.png,,/ZHONGyuan/Fragment/F13.png,1,['https://ik.imagekit.io/ZHONGyuan/ZHONGyuan/Fragment/F13.png']
6a118b915c7cd75eb87b50c8,File,F14.png - F14.png - 01,/ZHONGyuan/Fragment/F14.png,2026-05-23T11:12:17.502Z,https://ik.imagekit.io/ZHONGyuan/ZHONGyuan/Fragment/F14.png?updatedAt=1779534737930,png,275508,https://ik.imagekit.io/ZHONGyuan/ZHONGyuan/Fragment/F14.png,F14.png,F14.png,,/ZHONGyuan/Fragment/F14.png,1,['https://ik.imagekit.io/ZHONGyuan/ZHONGyuan/Fragment/F14.png']
6a118b915c7cd75eb87b50c5,File,F15.png - F15.png - 01,/ZHONGyuan/Fragment/F15.png,2026-05-23T11:12:17.498Z,https://ik.imagekit.io/ZHONGyuan/ZHONGyuan/Fragment/F15.png?updatedAt=1779534737920,png,289841,https://ik.imagekit.io/ZHONGyuan/ZHONGyuan/Fragment/F15.png,F15.png,F15.png,,/ZHONGyuan/Fragment/F15.png,1,['https://ik.imagekit.io/ZHONGyuan/ZHONGyuan/Fragment/F15.png']
6a118b915c7cd75eb87b5266,File,F16.png - F16.png - 01,/ZHONGyuan/Fragment/F16.png,2026-05-23T11:12:17.579Z,https://ik.imagekit.io/ZHONGyuan/ZHONGyuan/Fragment/F16.png?updatedAt=1779534738010,png,501426,https://ik.imagekit.io/ZHONGyuan/ZHONGyuan/Fragment/F16.png,F16.png,F16.png,,/ZHONGyuan/Fragment/F16.png,1,['https://ik.imagekit.io/ZHONGyuan/ZHONGyuan/Fragment/F16.png']
6a118b915c7cd75eb87b50a6,File,F17.png - F17.png - 01,/ZHONGyuan/Fragment/F17.png,2026-05-23T11:12:17.471Z,https://ik.imagekit.io/ZHONGyuan/ZHONGyuan/Fragment/F17.png?updatedAt=1779534737902,png,225599,https://ik.imagekit.io/ZHONGyuan/ZHONGyuan/Fragment/F17.png,F17.png,F17.png,,/ZHONGyuan/Fragment/F17.png,1,['https://ik.imagekit.io/ZHONGyuan/ZHONGyuan/Fragment/F17.png']
6a118b945c7cd75eb87b92ed,File,F18.png - F18.png - 01,/ZHONGyuan/Fragment/F18.png,2026-05-23T11:12:20.546Z,https://ik.imagekit.io/ZHONGyuan/ZHONGyuan/Fragment/F18.png?updatedAt=1779534740983,png,471891,https://ik.imagekit.io/ZHONGyuan/ZHONGyuan/Fragment/F18.png,F18.png,F18.png,,/ZHONGyuan/Fragment/F18.png,1,['https://ik.imagekit.io/ZHONGyuan/ZHONGyuan/Fragment/F18.png']
6a118b945c7cd75eb87b9246,File,F19.png - F19.png - 01,/ZHONGyuan/Fragment/F19.png,2026-05-23T11:12:20.469Z,https://ik.imagekit.io/ZHONGyuan/ZHONGyuan/Fragment/F19.png?updatedAt=1779534740895,png,91590,https://ik.imagekit.io/ZHONGyuan/ZHONGyuan/Fragment/F19.png,F19.png,F19.png,,/ZHONGyuan/Fragment/F19.png,1,['https://ik.imagekit.io/ZHONGyuan/ZHONGyuan/Fragment/F19.png']
6a118b915c7cd75eb87b50e4,File,F2.png - F2.png - 01,/ZHONGyuan/Fragment/F2.png,2026-05-23T11:12:17.530Z,https://ik.imagekit.io/ZHONGyuan/ZHONGyuan/Fragment/F2.png?updatedAt=1779534737965,png,327897,https://ik.imagekit.io/ZHONGyuan/ZHONGyuan/Fragment/F2.png,F2.png,F2.png,,/ZHONGyuan/Fragment/F2.png,1,['https://ik.imagekit.io/ZHONGyuan/ZHONGyuan/Fragment/F2.png']
6a118b955c7cd75eb87bb03f,File,F210.png - F210.png - 01,/ZHONGyuan/Fragment/F210.png,2026-05-23T11:12:21.833Z,https://ik.imagekit.io/ZHONGyuan/ZHONGyuan/Fragment/F210.png?updatedAt=1779534742273,png,230509,https://ik.imagekit.io/ZHONGyuan/ZHONGyuan/Fragment/F210.png,F210.png,F210.png,,/ZHONGyuan/Fragment/F210.png,1,['https://ik.imagekit.io/ZHONGyuan/ZHONGyuan/Fragment/F210.png']
6a118b965c7cd75eb87bbac1,File,F211.png - F211.png - 01,/ZHONGyuan/Fragment/F211.png,2026-05-23T11:12:22.480Z,https://ik.imagekit.io/ZHONGyuan/ZHONGyuan/Fragment/F211.png?updatedAt=1779534742957,png,355885,https://ik.imagekit.io/ZHONGyuan/ZHONGyuan/Fragment/F211.png,F211.png,F211.png,,/ZHONGyuan/Fragment/F211.png,1,['https://ik.imagekit.io/ZHONGyuan/ZHONGyuan/Fragment/F211.png']
6a118b975c7cd75eb87bd228,File,F212.png - F212.png - 01,/ZHONGyuan/Fragment/F212.png,2026-05-23T11:12:23.603Z,https://ik.imagekit.io/ZHONGyuan/ZHONGyuan/Fragment/F212.png?updatedAt=1779534744082,png,1055678,https://ik.imagekit.io/ZHONGyuan/ZHONGyuan/Fragment/F212.png,F212.png,F212.png,,/ZHONGyuan/Fragment/F212.png,1,['https://ik.imagekit.io/ZHONGyuan/ZHONGyuan/Fragment/F212.png']
6a118b975c7cd75eb87bc3c0,File,F213.png - F213.png - 01,/ZHONGyuan/Fragment/F213.png,2026-05-23T11:12:22.941Z,https://ik.imagekit.io/ZHONGyuan/ZHONGyuan/Fragment/F213.png?updatedAt=1779534743406,png,458231,https://ik.imagekit.io/ZHONGyuan/ZHONGyuan/Fragment/F213.png,F213.png,F213.png,,/ZHONGyuan/Fragment/F213.png,1,['https://ik.imagekit.io/ZHONGyuan/ZHONGyuan/Fragment/F213.png']
6a118b975c7cd75eb87bd21f,File,F214.png - F214.png - 01,/ZHONGyuan/Fragment/F214.png,2026-05-23T11:12:23.581Z,https://ik.imagekit.io/ZHONGyuan/ZHONGyuan/Fragment/F214.png?updatedAt=1779534744080,png,1358398,https://ik.imagekit.io/ZHONGyuan/ZHONGyuan/Fragment/F214.png,F214.png,F214.png,,/ZHONGyuan/Fragment/F214.png,1,['https://ik.imagekit.io/ZHONGyuan/ZHONGyuan/Fragment/F214.png']
6a118b965c7cd75eb87bb0a4,File,F215.png - F215.png - 01,/ZHONGyuan/Fragment/F215.png,2026-05-23T11:12:21.952Z,https://ik.imagekit.io/ZHONGyuan/ZHONGyuan/Fragment/F215.png?updatedAt=1779534742444,png,223300,https://ik.imagekit.io/ZHONGyuan/ZHONGyuan/Fragment/F215.png,F215.png,F215.png,,/ZHONGyuan/Fragment/F215.png,1,['https://ik.imagekit.io/ZHONGyuan/ZHONGyuan/Fragment/F215.png']
6a118b975c7cd75eb87bc7c6,File,F216.png - F216.png - 01,/ZHONGyuan/Fragment/F216.png,2026-05-23T11:12:23.067Z,https://ik.imagekit.io/ZHONGyuan/ZHONGyuan/Fragment/F216.png?updatedAt=1779534743580,png,498480,https://ik.imagekit.io/ZHONGyuan/ZHONGyuan/Fragment/F216.png,F216.png,F216.png,,/ZHONGyuan/Fragment/F216.png,1,['https://ik.imagekit.io/ZHONGyuan/ZHONGyuan/Fragment/F216.png']
6a118b915c7cd75eb87b516b,File,F22.png - F22.png - 01,/ZHONGyuan/Fragment/F22.png,2026-05-23T11:12:17.546Z,https://ik.imagekit.io/ZHONGyuan/ZHONGyuan/Fragment/F22.png?updatedAt=1779534737986,png,371039,https://ik.imagekit.io/ZHONGyuan/ZHONGyuan/Fragment/F22.png,F22.png,F22.png,,/ZHONGyuan/Fragment/F22.png,1,['https://ik.imagekit.io/ZHONGyuan/ZHONGyuan/Fragment/F22.png']
6a118b915c7cd75eb87b54fc,File,F23.png - F23.png - 01,/ZHONGyuan/Fragment/F23.png,2026-05-23T11:12:17.657Z,https://ik.imagekit.io/ZHONGyuan/ZHONGyuan/Fragment/F23.png?updatedAt=1779534738122,png,832096,https://ik.imagekit.io/ZHONGyuan/ZHONGyuan/Fragment/F23.png,F23.png,F23.png,,/ZHONGyuan/Fragment/F23.png,1,['https://ik.imagekit.io/ZHONGyuan/ZHONGyuan/Fragment/F23.png']
6a118b915c7cd75eb87b50da,File,F24.png - F24.png - 01,/ZHONGyuan/Fragment/F24.png,2026-05-23T11:12:17.527Z,https://ik.imagekit.io/ZHONGyuan/ZHONGyuan/Fragment/F24.png?updatedAt=1779534737953,png,322611,https://ik.imagekit.io/ZHONGyuan/ZHONGyuan/Fragment/F24.png,F24.png,F24.png,,/ZHONGyuan/Fragment/F24.png,1,['https://ik.imagekit.io/ZHONGyuan/ZHONGyuan/Fragment/F24.png']
6a118b945c7cd75eb87b92a1,File,F25.png - F25.png - 01,/ZHONGyuan/Fragment/F25.png,2026-05-23T11:12:20.507Z,https://ik.imagekit.io/ZHONGyuan/ZHONGyuan/Fragment/F25.png?updatedAt=1779534740939,png,317150,https://ik.imagekit.io/ZHONGyuan/ZHONGyuan/Fragment/F25.png,F25.png,F25.png,,/ZHONGyuan/Fragment/F25.png,1,['https://ik.imagekit.io/ZHONGyuan/ZHONGyuan/Fragment/F25.png']
6a118b915c7cd75eb87b50ee,File,F26.png - F26.png - 01,/ZHONGyuan/Fragment/F26.png,2026-05-23T11:12:17.529Z,https://ik.imagekit.io/ZHONGyuan/ZHONGyuan/Fragment/F26.png?updatedAt=1779534737990,png,317273,https://ik.imagekit.io/ZHONGyuan/ZHONGyuan/Fragment/F26.png,F26.png,F26.png,,/ZHONGyuan/Fragment/F26.png,1,['https://ik.imagekit.io/ZHONGyuan/ZHONGyuan/Fragment/F26.png']
6a118b945c7cd75eb87b9a9f,File,F27.png - F27.png - 01,/ZHONGyuan/Fragment/F27.png,2026-05-23T11:12:20.839Z,https://ik.imagekit.io/ZHONGyuan/ZHONGyuan/Fragment/F27.png?updatedAt=1779534741269,png,511473,https://ik.imagekit.io/ZHONGyuan/ZHONGyuan/Fragment/F27.png,F27.png,F27.png,,/ZHONGyuan/Fragment/F27.png,1,['https://ik.imagekit.io/ZHONGyuan/ZHONGyuan/Fragment/F27.png']
6a118b915c7cd75eb87b50cc,File,F28.png - F28.png - 01,/ZHONGyuan/Fragment/F28.png,2026-05-23T11:12:17.509Z,https://ik.imagekit.io/ZHONGyuan/ZHONGyuan/Fragment/F28.png?updatedAt=1779534737930,png,279285,https://ik.imagekit.io/ZHONGyuan/ZHONGyuan/Fragment/F28.png,F28.png,F28.png,,/ZHONGyuan/Fragment/F28.png,1,['https://ik.imagekit.io/ZHONGyuan/ZHONGyuan/Fragment/F28.png']
6a118b915c7cd75eb87b548c,File,F29.png - F29.png - 01,/ZHONGyuan/Fragment/F29.png,2026-05-23T11:12:17.652Z,https://ik.imagekit.io/ZHONGyuan/ZHONGyuan/Fragment/F29.png?updatedAt=1779534738094,png,893780,https://ik.imagekit.io/ZHONGyuan/ZHONGyuan/Fragment/F29.png,F29.png,F29.png,,/ZHONGyuan/Fragment/F29.png,1,['https://ik.imagekit.io/ZHONGyuan/ZHONGyuan/Fragment/F29.png']
6a118b915c7cd75eb87b5451,File,F3.png - F3.png - 01,/ZHONGyuan/Fragment/F3.png,2026-05-23T11:12:17.646Z,https://ik.imagekit.io/ZHONGyuan/ZHONGyuan/Fragment/F3.png?updatedAt=1779534738067,png,821676,https://ik.imagekit.io/ZHONGyuan/ZHONGyuan/Fragment/F3.png,F3.png,F3.png,,/ZHONGyuan/Fragment/F3.png,1,['https://ik.imagekit.io/ZHONGyuan/ZHONGyuan/Fragment/F3.png']
6a118b965c7cd75eb87bc12b,File,F310.png - F310.png - 01,/ZHONGyuan/Fragment/F310.png,2026-05-23T11:12:22.814Z,https://ik.imagekit.io/ZHONGyuan/ZHONGyuan/Fragment/F310.png?updatedAt=1779534743293,png,441823,https://ik.imagekit.io/ZHONGyuan/ZHONGyuan/Fragment/F310.png,F310.png,F310.png,,/ZHONGyuan/Fragment/F310.png,1,['https://ik.imagekit.io/ZHONGyuan/ZHONGyuan/Fragment/F310.png']
6a118b975c7cd75eb87bccf8,File,F311.png - F311.png - 01,/ZHONGyuan/Fragment/F311.png,2026-05-23T11:12:23.411Z,https://ik.imagekit.io/ZHONGyuan/ZHONGyuan/Fragment/F311.png?updatedAt=1779534743860,png,997550,https://ik.imagekit.io/ZHONGyuan/ZHONGyuan/Fragment/F311.png,F311.png,F311.png,,/ZHONGyuan/Fragment/F311.png,1,['https://ik.imagekit.io/ZHONGyuan/ZHONGyuan/Fragment/F311.png']
6a118b975c7cd75eb87bc4b1,File,F312.png - F312.png - 01,/ZHONGyuan/Fragment/F312.png,2026-05-23T11:12:22.953Z,https://ik.imagekit.io/ZHONGyuan/ZHONGyuan/Fragment/F312.png?updatedAt=1779534743533,png,488387,https://ik.imagekit.io/ZHONGyuan/ZHONGyuan/Fragment/F312.png,F312.png,F312.png,,/ZHONGyuan/Fragment/F312.png,1,['https://ik.imagekit.io/ZHONGyuan/ZHONGyuan/Fragment/F312.png']
6a118b965c7cd75eb87bc0bb,File,F313.png - F313.png - 01,/ZHONGyuan/Fragment/F313.png,2026-05-23T11:12:22.719Z,https://ik.imagekit.io/ZHONGyuan/ZHONGyuan/Fragment/F313.png?updatedAt=1779534743160,png,403512,https://ik.imagekit.io/ZHONGyuan/ZHONGyuan/Fragment/F313.png,F313.png,F313.png,,/ZHONGyuan/Fragment/F313.png,1,['https://ik.imagekit.io/ZHONGyuan/ZHONGyuan/Fragment/F313.png']
6a118b965c7cd75eb87bc084,File,F314.png - F314.png - 01,/ZHONGyuan/Fragment/F314.png,2026-05-23T11:12:22.676Z,https://ik.imagekit.io/ZHONGyuan/ZHONGyuan/Fragment/F314.png?updatedAt=1779534743132,png,383115,https://ik.imagekit.io/ZHONGyuan/ZHONGyuan/Fragment/F314.png,F314.png,F314.png,,/ZHONGyuan/Fragment/F314.png,1,['https://ik.imagekit.io/ZHONGyuan/ZHONGyuan/Fragment/F314.png']
6a118b975c7cd75eb87bc8fa,File,F315.png - F315.png - 01,/ZHONGyuan/Fragment/F315.png,2026-05-23T11:12:23.114Z,https://ik.imagekit.io/ZHONGyuan/ZHONGyuan/Fragment/F315.png?updatedAt=1779534743589,png,619102,https://ik.imagekit.io/ZHONGyuan/ZHONGyuan/Fragment/F315.png,F315.png,F315.png,,/ZHONGyuan/Fragment/F315.png,1,['https://ik.imagekit.io/ZHONGyuan/ZHONGyuan/Fragment/F315.png']
6a118b965c7cd75eb87bbce6,File,F316.png - F316.png - 01,/ZHONGyuan/Fragment/F316.png,2026-05-23T11:12:22.560Z,https://ik.imagekit.io/ZHONGyuan/ZHONGyuan/Fragment/F316.png?updatedAt=1779534743021,png,328094,https://ik.imagekit.io/ZHONGyuan/ZHONGyuan/Fragment/F316.png,F316.png,F316.png,,/ZHONGyuan/Fragment/F316.png,1,['https://ik.imagekit.io/ZHONGyuan/ZHONGyuan/Fragment/F316.png']
6a118b965c7cd75eb87bbe7a,File,F32.png - F32.png - 01,/ZHONGyuan/Fragment/F32.png,2026-05-23T11:12:22.589Z,https://ik.imagekit.io/ZHONGyuan/ZHONGyuan/Fragment/F32.png?updatedAt=1779534743084,png,856628,https://ik.imagekit.io/ZHONGyuan/ZHONGyuan/Fragment/F32.png,F32.png,F32.png,,/ZHONGyuan/Fragment/F32.png,1,['https://ik.imagekit.io/ZHONGyuan/ZHONGyuan/Fragment/F32.png']
6a118b965c7cd75eb87bc119,File,F33.png - F33.png - 01,/ZHONGyuan/Fragment/F33.png,2026-05-23T11:12:22.799Z,https://ik.imagekit.io/ZHONGyuan/ZHONGyuan/Fragment/F33.png?updatedAt=1779534743281,png,489170,https://ik.imagekit.io/ZHONGyuan/ZHONGyuan/Fragment/F33.png,F33.png,F33.png,,/ZHONGyuan/Fragment/F33.png,1,['https://ik.imagekit.io/ZHONGyuan/ZHONGyuan/Fragment/F33.png']
6a118b975c7cd75eb87bc9cc,File,F34.png - F34.png - 01,/ZHONGyuan/Fragment/F34.png,2026-05-23T11:12:23.261Z,https://ik.imagekit.io/ZHONGyuan/ZHONGyuan/Fragment/F34.png?updatedAt=1779534743743,png,918926,https://ik.imagekit.io/ZHONGyuan/ZHONGyuan/Fragment/F34.png,F34.png,F34.png,,/ZHONGyuan/Fragment/F34.png,1,['https://ik.imagekit.io/ZHONGyuan/ZHONGyuan/Fragment/F34.png']
6a118b965c7cd75eb87bb8ab,File,F35.png - F35.png - 01,/ZHONGyuan/Fragment/F35.png,2026-05-23T11:12:22.380Z,https://ik.imagekit.io/ZHONGyuan/ZHONGyuan/Fragment/F35.png?updatedAt=1779534742911,png,386578,https://ik.imagekit.io/ZHONGyuan/ZHONGyuan/Fragment/F35.png,F35.png,F35.png,,/ZHONGyuan/Fragment/F35.png,1,['https://ik.imagekit.io/ZHONGyuan/ZHONGyuan/Fragment/F35.png']
6a118b915c7cd75eb87b543c,File,F36.png - F36.png - 01,/ZHONGyuan/Fragment/F36.png,2026-05-23T11:12:17.639Z,https://ik.imagekit.io/ZHONGyuan/ZHONGyuan/Fragment/F36.png?updatedAt=1779534738153,png,692875,https://ik.imagekit.io/ZHONGyuan/ZHONGyuan/Fragment/F36.png,F36.png,F36.png,,/ZHONGyuan/Fragment/F36.png,1,['https://ik.imagekit.io/ZHONGyuan/ZHONGyuan/Fragment/F36.png']
6a118b975c7cd75eb87bc842,File,F37.png - F37.png - 01,/ZHONGyuan/Fragment/F37.png,2026-05-23T11:12:23.083Z,https://ik.imagekit.io/ZHONGyuan/ZHONGyuan/Fragment/F37.png?updatedAt=1779534743649,png,817891,https://ik.imagekit.io/ZHONGyuan/ZHONGyuan/Fragment/F37.png,F37.png,F37.png,,/ZHONGyuan/Fragment/F37.png,1,['https://ik.imagekit.io/ZHONGyuan/ZHONGyuan/Fragment/F37.png']
6a118b965c7cd75eb87bbf2d,File,F38.png - F38.png - 01,/ZHONGyuan/Fragment/F38.png,2026-05-23T11:12:22.613Z,https://ik.imagekit.io/ZHONGyuan/ZHONGyuan/Fragment/F38.png?updatedAt=1779534743162,png,405801,https://ik.imagekit.io/ZHONGyuan/ZHONGyuan/Fragment/F38.png,F38.png,F38.png,,/ZHONGyuan/Fragment/F38.png,1,['https://ik.imagekit.io/ZHONGyuan/ZHONGyuan/Fragment/F38.png']
6a118b975c7cd75eb87bcd32,File,F39.png - F39.png - 01,/ZHONGyuan/Fragment/F39.png,2026-05-23T11:12:23.394Z,https://ik.imagekit.io/ZHONGyuan/ZHONGyuan/Fragment/F39.png?updatedAt=1779534743916,png,1019622,https://ik.imagekit.io/ZHONGyuan/ZHONGyuan/Fragment/F39.png,F39.png,F39.png,,/ZHONGyuan/Fragment/F39.png,1,['https://ik.imagekit.io/ZHONGyuan/ZHONGyuan/Fragment/F39.png']
6a118b915c7cd75eb87b54b4,File,F4.png - F4.png - 01,/ZHONGyuan/Fragment/F4.png,2026-05-23T11:12:17.655Z,https://ik.imagekit.io/ZHONGyuan/ZHONGyuan/Fragment/F4.png?updatedAt=1779534738161,png,848608,https://ik.imagekit.io/ZHONGyuan/ZHONGyuan/Fragment/F4.png,F4.png,F4.png,,/ZHONGyuan/Fragment/F4.png,1,['https://ik.imagekit.io/ZHONGyuan/ZHONGyuan/Fragment/F4.png']
6a118b965c7cd75eb87bb61c,File,F410.png - F410.png - 01,/ZHONGyuan/Fragment/F410.png,2026-05-23T11:12:22.175Z,https://ik.imagekit.io/ZHONGyuan/ZHONGyuan/Fragment/F410.png?updatedAt=1779534742718,png,255790,https://ik.imagekit.io/ZHONGyuan/ZHONGyuan/Fragment/F410.png,F410.png,F410.png,,/ZHONGyuan/Fragment/F410.png,1,['https://ik.imagekit.io/ZHONGyuan/ZHONGyuan/Fragment/F410.png']
6a118b975c7cd75eb87bcba4,File,F411.png - F411.png - 01,/ZHONGyuan/Fragment/F411.png,2026-05-23T11:12:23.367Z,https://ik.imagekit.io/ZHONGyuan/ZHONGyuan/Fragment/F411.png?updatedAt=1779534743886,png,806964,https://ik.imagekit.io/ZHONGyuan/ZHONGyuan/Fragment/F411.png,F411.png,F411.png,,/ZHONGyuan/Fragment/F411.png,1,['https://ik.imagekit.io/ZHONGyuan/ZHONGyuan/Fragment/F411.png']
6a118b955c7cd75eb87bb03b,File,F412.png - F412.png - 01,/ZHONGyuan/Fragment/F412.png,2026-05-23T11:12:21.820Z,https://ik.imagekit.io/ZHONGyuan/ZHONGyuan/Fragment/F412.png?updatedAt=1779534742264,png,189778,https://ik.imagekit.io/ZHONGyuan/ZHONGyuan/Fragment/F412.png,F412.png,F412.png,,/ZHONGyuan/Fragment/F412.png,1,['https://ik.imagekit.io/ZHONGyuan/ZHONGyuan/Fragment/F412.png']
6a118b965c7cd75eb87bbd0b,File,F413.png - F413.png - 01,/ZHONGyuan/Fragment/F413.png,2026-05-23T11:12:22.537Z,https://ik.imagekit.io/ZHONGyuan/ZHONGyuan/Fragment/F413.png?updatedAt=1779534743003,png,321387,https://ik.imagekit.io/ZHONGyuan/ZHONGyuan/Fragment/F413.png,F413.png,F413.png,,/ZHONGyuan/Fragment/F413.png,1,['https://ik.imagekit.io/ZHONGyuan/ZHONGyuan/Fragment/F413.png']
6a118b975c7cd75eb87bd083,File,F414.png - F414.png - 01,/ZHONGyuan/Fragment/F414.png,2026-05-23T11:12:23.514Z,https://ik.imagekit.io/ZHONGyuan/ZHONGyuan/Fragment/F414.png?updatedAt=1779534743993,png,1025857,https://ik.imagekit.io/ZHONGyuan/ZHONGyuan/Fragment/F414.png,F414.png,F414.png,,/ZHONGyuan/Fragment/F414.png,1,['https://ik.imagekit.io/ZHONGyuan/ZHONGyuan/Fragment/F414.png']
6a118b965c7cd75eb87bbdeb,File,F415.png - F415.png - 01,/ZHONGyuan/Fragment/F415.png,2026-05-23T11:12:22.591Z,https://ik.imagekit.io/ZHONGyuan/ZHONGyuan/Fragment/F415.png?updatedAt=1779534743044,png,314801,https://ik.imagekit.io/ZHONGyuan/ZHONGyuan/Fragment/F415.png,F415.png,F415.png,,/ZHONGyuan/Fragment/F415.png,1,['https://ik.imagekit.io/ZHONGyuan/ZHONGyuan/Fragment/F415.png']
6a118b975c7cd75eb87bc98c,File,F416.png - F416.png - 01,/ZHONGyuan/Fragment/F416.png,2026-05-23T11:12:23.226Z,https://ik.imagekit.io/ZHONGyuan/ZHONGyuan/Fragment/F416.png?updatedAt=1779534743670,png,685099,https://ik.imagekit.io/ZHONGyuan/ZHONGyuan/Fragment/F416.png,F416.png,F416.png,,/ZHONGyuan/Fragment/F416.png,1,['https://ik.imagekit.io/ZHONGyuan/ZHONGyuan/Fragment/F416.png']
6a118b915c7cd75eb87b5141,File,F42.png - F42.png - 01,/ZHONGyuan/Fragment/F42.png,2026-05-23T11:12:17.542Z,https://ik.imagekit.io/ZHONGyuan/ZHONGyuan/Fragment/F42.png?updatedAt=1779534737986,png,364157,https://ik.imagekit.io/ZHONGyuan/ZHONGyuan/Fragment/F42.png,F42.png,F42.png,,/ZHONGyuan/Fragment/F42.png,1,['https://ik.imagekit.io/ZHONGyuan/ZHONGyuan/Fragment/F42.png']
6a118b975c7cd75eb87bc96b,File,F43.png - F43.png - 01,/ZHONGyuan/Fragment/F43.png,2026-05-23T11:12:23.192Z,https://ik.imagekit.io/ZHONGyuan/ZHONGyuan/Fragment/F43.png?updatedAt=1779534743659,png,750894,https://ik.imagekit.io/ZHONGyuan/ZHONGyuan/Fragment/F43.png,F43.png,F43.png,,/ZHONGyuan/Fragment/F43.png,1,['https://ik.imagekit.io/ZHONGyuan/ZHONGyuan/Fragment/F43.png']
6a118b975c7cd75eb87bd27b,File,F44.png - F44.png - 01,/ZHONGyuan/Fragment/F44.png,2026-05-23T11:12:23.667Z,https://ik.imagekit.io/ZHONGyuan/ZHONGyuan/Fragment/F44.png?updatedAt=1779534744137,png,1620444,https://ik.imagekit.io/ZHONGyuan/ZHONGyuan/Fragment/F44.png,F44.png,F44.png,,/ZHONGyuan/Fragment/F44.png,1,['https://ik.imagekit.io/ZHONGyuan/ZHONGyuan/Fragment/F44.png']
6a118b975c7cd75eb87bc718,File,F45.png - F45.png - 01,/ZHONGyuan/Fragment/F45.png,2026-05-23T11:12:23.048Z,https://ik.imagekit.io/ZHONGyuan/ZHONGyuan/Fragment/F45.png?updatedAt=1779534743519,png,868486,https://ik.imagekit.io/ZHONGyuan/ZHONGyuan/Fragment/F45.png,F45.png,F45.png,,/ZHONGyuan/Fragment/F45.png,1,['https://ik.imagekit.io/ZHONGyuan/ZHONGyuan/Fragment/F45.png']
6a118b965c7cd75eb87bc128,File,F46.png - F46.png - 01,/ZHONGyuan/Fragment/F46.png,2026-05-23T11:12:22.806Z,https://ik.imagekit.io/ZHONGyuan/ZHONGyuan/Fragment/F46.png?updatedAt=1779534743295,png,424330,https://ik.imagekit.io/ZHONGyuan/ZHONGyuan/Fragment/F46.png,F46.png,F46.png,,/ZHONGyuan/Fragment/F46.png,1,['https://ik.imagekit.io/ZHONGyuan/ZHONGyuan/Fragment/F46.png']
6a118b955c7cd75eb87bb048,File,F47.png - F47.png - 01,/ZHONGyuan/Fragment/F47.png,2026-05-23T11:12:21.849Z,https://ik.imagekit.io/ZHONGyuan/ZHONGyuan/Fragment/F47.png?updatedAt=1779534742285,png,275427,https://ik.imagekit.io/ZHONGyuan/ZHONGyuan/Fragment/F47.png,F47.png,F47.png,,/ZHONGyuan/Fragment/F47.png,1,['https://ik.imagekit.io/ZHONGyuan/ZHONGyuan/Fragment/F47.png']
6a118b965c7cd75eb87bb06b,File,F48.png - F48.png - 01,/ZHONGyuan/Fragment/F48.png,2026-05-23T11:12:21.897Z,https://ik.imagekit.io/ZHONGyuan/ZHONGyuan/Fragment/F48.png?updatedAt=1779534742321,png,319472,https://ik.imagekit.io/ZHONGyuan/ZHONGyuan/Fragment/F48.png,F48.png,F48.png,,/ZHONGyuan/Fragment/F48.png,1,['https://ik.imagekit.io/ZHONGyuan/ZHONGyuan/Fragment/F48.png']
6a118b965c7cd75eb87bc0b3,File,F49.png - F49.png - 01,/ZHONGyuan/Fragment/F49.png,2026-05-23T11:12:22.694Z,https://ik.imagekit.io/ZHONGyuan/ZHONGyuan/Fragment/F49.png?updatedAt=1779534743196,png,394573,https://ik.imagekit.io/ZHONGyuan/ZHONGyuan/Fragment/F49.png,F49.png,F49.png,,/ZHONGyuan/Fragment/F49.png,1,['https://ik.imagekit.io/ZHONGyuan/ZHONGyuan/Fragment/F49.png']
6a118b915c7cd75eb87b50e2,File,F5.png - F5.png - 01,/ZHONGyuan/Fragment/F5.png,2026-05-23T11:12:17.527Z,https://ik.imagekit.io/ZHONGyuan/ZHONGyuan/Fragment/F5.png?updatedAt=1779534737970,png,306987,https://ik.imagekit.io/ZHONGyuan/ZHONGyuan/Fragment/F5.png,F5.png,F5.png,,/ZHONGyuan/Fragment/F5.png,1,['https://ik.imagekit.io/ZHONGyuan/ZHONGyuan/Fragment/F5.png']
6a118b975c7cd75eb87bce7e,File,F510.png - F510.png - 01,/ZHONGyuan/Fragment/F510.png,2026-05-23T11:12:23.456Z,https://ik.imagekit.io/ZHONGyuan/ZHONGyuan/Fragment/F510.png?updatedAt=1779534743898,png,1164163,https://ik.imagekit.io/ZHONGyuan/ZHONGyuan/Fragment/F510.png,F510.png,F510.png,,/ZHONGyuan/Fragment/F510.png,1,['https://ik.imagekit.io/ZHONGyuan/ZHONGyuan/Fragment/F510.png']
6a118b965c7cd75eb87bc145,File,F511.png - F511.png - 01,/ZHONGyuan/Fragment/F511.png,2026-05-23T11:12:22.834Z,https://ik.imagekit.io/ZHONGyuan/ZHONGyuan/Fragment/F511.png?updatedAt=1779534743269,png,438161,https://ik.imagekit.io/ZHONGyuan/ZHONGyuan/Fragment/F511.png,F511.png,F511.png,,/ZHONGyuan/Fragment/F511.png,1,['https://ik.imagekit.io/ZHONGyuan/ZHONGyuan/Fragment/F511.png']
6a118b975c7cd75eb87bc9b2,File,F512.png - F512.png - 01,/ZHONGyuan/Fragment/F512.png,2026-05-23T11:12:23.267Z,https://ik.imagekit.io/ZHONGyuan/ZHONGyuan/Fragment/F512.png?updatedAt=1779534743722,png,620181,https://ik.imagekit.io/ZHONGyuan/ZHONGyuan/Fragment/F512.png,F512.png,F512.png,,/ZHONGyuan/Fragment/F512.png,1,['https://ik.imagekit.io/ZHONGyuan/ZHONGyuan/Fragment/F512.png']
6a118b975c7cd75eb87bc9c4,File,F513.png - F513.png - 01,/ZHONGyuan/Fragment/F513.png,2026-05-23T11:12:23.196Z,https://ik.imagekit.io/ZHONGyuan/ZHONGyuan/Fragment/F513.png?updatedAt=1779534743796,png,624906,https://ik.imagekit.io/ZHONGyuan/ZHONGyuan/Fragment/F513.png,F513.png,F513.png,,/ZHONGyuan/Fragment/F513.png,1,['https://ik.imagekit.io/ZHONGyuan/ZHONGyuan/Fragment/F513.png']
6a118b975c7cd75eb87bc565,File,F514.png - F514.png - 01,/ZHONGyuan/Fragment/F514.png,2026-05-23T11:12:22.997Z,https://ik.imagekit.io/ZHONGyuan/ZHONGyuan/Fragment/F514.png?updatedAt=1779534743435,png,462564,https://ik.imagekit.io/ZHONGyuan/ZHONGyuan/Fragment/F514.png,F514.png,F514.png,,/ZHONGyuan/Fragment/F514.png,1,['https://ik.imagekit.io/ZHONGyuan/ZHONGyuan/Fragment/F514.png']
6a118b975c7cd75eb87bcedb,File,F515.png - F515.png - 01,/ZHONGyuan/Fragment/F515.png,2026-05-23T11:12:23.388Z,https://ik.imagekit.io/ZHONGyuan/ZHONGyuan/Fragment/F515.png?updatedAt=1779534743922,png,749817,https://ik.imagekit.io/ZHONGyuan/ZHONGyuan/Fragment/F515.png,F515.png,F515.png,,/ZHONGyuan/Fragment/F515.png,1,['https://ik.imagekit.io/ZHONGyuan/ZHONGyuan/Fragment/F515.png']
6a118b965c7cd75eb87bb7f0,File,F516.png - F516.png - 01,/ZHONGyuan/Fragment/F516.png,2026-05-23T11:12:22.230Z,https://ik.imagekit.io/ZHONGyuan/ZHONGyuan/Fragment/F516.png?updatedAt=1779534742716,png,272521,https://ik.imagekit.io/ZHONGyuan/ZHONGyuan/Fragment/F516.png,F516.png,F516.png,,/ZHONGyuan/Fragment/F516.png,1,['https://ik.imagekit.io/ZHONGyuan/ZHONGyuan/Fragment/F516.png']
6a118b975c7cd75eb87bc9bd,File,F52.png - F52.png - 01,/ZHONGyuan/Fragment/F52.png,2026-05-23T11:12:23.192Z,https://ik.imagekit.io/ZHONGyuan/ZHONGyuan/Fragment/F52.png?updatedAt=1779534743789,png,707877,https://ik.imagekit.io/ZHONGyuan/ZHONGyuan/Fragment/F52.png,F52.png,F52.png,,/ZHONGyuan/Fragment/F52.png,1,['https://ik.imagekit.io/ZHONGyuan/ZHONGyuan/Fragment/F52.png']
6a118b975c7cd75eb87bc836,File,F53.png - F53.png - 01,/ZHONGyuan/Fragment/F53.png,2026-05-23T11:12:23.086Z,https://ik.imagekit.io/ZHONGyuan/ZHONGyuan/Fragment/F53.png?updatedAt=1779534743599,png,607292,https://ik.imagekit.io/ZHONGyuan/ZHONGyuan/Fragment/F53.png,F53.png,F53.png,,/ZHONGyuan/Fragment/F53.png,1,['https://ik.imagekit.io/ZHONGyuan/ZHONGyuan/Fragment/F53.png']
6a118b965c7cd75eb87bb068,File,F54.png - F54.png - 01,/ZHONGyuan/Fragment/F54.png,2026-05-23T11:12:21.894Z,https://ik.imagekit.io/ZHONGyuan/ZHONGyuan/Fragment/F54.png?updatedAt=1779534742345,png,312671,https://ik.imagekit.io/ZHONGyuan/ZHONGyuan/Fragment/F54.png,F54.png,F54.png,,/ZHONGyuan/Fragment/F54.png,1,['https://ik.imagekit.io/ZHONGyuan/ZHONGyuan/Fragment/F54.png']
6a118b975c7cd75eb87bc968,File,F55.png - F55.png - 01,/ZHONGyuan/Fragment/F55.png,2026-05-23T11:12:23.188Z,https://ik.imagekit.io/ZHONGyuan/ZHONGyuan/Fragment/F55.png?updatedAt=1779534743621,png,665348,https://ik.imagekit.io/ZHONGyuan/ZHONGyuan/Fragment/F55.png,F55.png,F55.png,,/ZHONGyuan/Fragment/F55.png,1,['https://ik.imagekit.io/ZHONGyuan/ZHONGyuan/Fragment/F55.png']
6a118b975c7cd75eb87bcb6a,File,F56.png - F56.png - 01,/ZHONGyuan/Fragment/F56.png,2026-05-23T11:12:23.365Z,https://ik.imagekit.io/ZHONGyuan/ZHONGyuan/Fragment/F56.png?updatedAt=1779534743859,png,878083,https://ik.imagekit.io/ZHONGyuan/ZHONGyuan/Fragment/F56.png,F56.png,F56.png,,/ZHONGyuan/Fragment/F56.png,1,['https://ik.imagekit.io/ZHONGyuan/ZHONGyuan/Fragment/F56.png']
6a118b975c7cd75eb87bc44e,File,F57.png - F57.png - 01,/ZHONGyuan/Fragment/F57.png,2026-05-23T11:12:22.966Z,https://ik.imagekit.io/ZHONGyuan/ZHONGyuan/Fragment/F57.png?updatedAt=1779534743409,png,539555,https://ik.imagekit.io/ZHONGyuan/ZHONGyuan/Fragment/F57.png,F57.png,F57.png,,/ZHONGyuan/Fragment/F57.png,1,['https://ik.imagekit.io/ZHONGyuan/ZHONGyuan/Fragment/F57.png']
6a118b975c7cd75eb87bc609,File,F58.png - F58.png - 01,/ZHONGyuan/Fragment/F58.png,2026-05-23T11:12:23.016Z,https://ik.imagekit.io/ZHONGyuan/ZHONGyuan/Fragment/F58.png?updatedAt=1779534743445,png,536139,https://ik.imagekit.io/ZHONGyuan/ZHONGyuan/Fragment/F58.png,F58.png,F58.png,,/ZHONGyuan/Fragment/F58.png,1,['https://ik.imagekit.io/ZHONGyuan/ZHONGyuan/Fragment/F58.png']
6a118b965c7cd75eb87bb2db,File,F59.png - F59.png - 01,/ZHONGyuan/Fragment/F59.png,2026-05-23T11:12:22.085Z,https://ik.imagekit.io/ZHONGyuan/ZHONGyuan/Fragment/F59.png?updatedAt=1779534742589,png,278069,https://ik.imagekit.io/ZHONGyuan/ZHONGyuan/Fragment/F59.png,F59.png,F59.png,,/ZHONGyuan/Fragment/F59.png,1,['https://ik.imagekit.io/ZHONGyuan/ZHONGyuan/Fragment/F59.png']
6a118b975c7cd75eb87bd437,File,IMG_3416.png - IMG_3416.png - 01,/ZHONGyuan/Fragment/IMG_3416.png,2026-05-23T11:12:23.715Z,https://ik.imagekit.io/ZHONGyuan/ZHONGyuan/Fragment/IMG_3416.png?updatedAt=1779534744301,png,4788410,https://ik.imagekit.io/ZHONGyuan/ZHONGyuan/Fragment/IMG_3416.png,IMG_3416.png,IMG_3416.png,,/ZHONGyuan/Fragment/IMG_3416.png,1,['https://ik.imagekit.io/ZHONGyuan/ZHONGyuan/Fragment/IMG_3416.png']
6a118b915c7cd75eb87b4c2b,File,couverture.png - couverture.png - 01,/ZHONGyuan/Fragment/couverture.png,2026-05-23T11:12:17.212Z,https://ik.imagekit.io/ZHONGyuan/ZHONGyuan/Fragment/couverture.png?updatedAt=1779534737635,png,30542,https://ik.imagekit.io/ZHONGyuan/ZHONGyuan/Fragment/couverture.png,couverture.png,couverture.png,,/ZHONGyuan/Fragment/couverture.png,1,['https://ik.imagekit.io/ZHONGyuan/ZHONGyuan/Fragment/couverture.png']
6a118b915c7cd75eb87b4e9f,File,couverture2.png - couverture2.png - 01,/ZHONGyuan/Fragment/couverture2.png,2026-05-23T11:12:17.286Z,https://ik.imagekit.io/ZHONGyuan/ZHONGyuan/Fragment/couverture2.png?updatedAt=1779534737708,png,33096,https://ik.imagekit.io/ZHONGyuan/ZHONGyuan/Fragment/couverture2.png,couverture2.png,couverture2.png,,/ZHONGyuan/Fragment/couverture2.png,1,['https://ik.imagekit.io/ZHONGyuan/ZHONGyuan/Fragment/couverture2.png']
6a118b915c7cd75eb87b502d,File,couverture3.png - couverture3.png - 01,/ZHONGyuan/Fragment/couverture3.png,2026-05-23T11:12:17.346Z,https://ik.imagekit.io/ZHONGyuan/ZHONGyuan/Fragment/couverture3.png?updatedAt=1779534737785,png,89484,https://ik.imagekit.io/ZHONGyuan/ZHONGyuan/Fragment/couverture3.png,couverture3.png,couverture3.png,,/ZHONGyuan/Fragment/couverture3.png,1,['https://ik.imagekit.io/ZHONGyuan/ZHONGyuan/Fragment/couverture3.png']
6a118b915c7cd75eb87b4e83,File,couverture_edited.jpg - couverture_edited.jpg - 01,/ZHONGyuan/Fragment/couverture_edited.jpg,2026-05-23T11:12:17.283Z,https://ik.imagekit.io/ZHONGyuan/ZHONGyuan/Fragment/couverture_edited.jpg?updatedAt=1779534737682,jpg,54881,https://ik.imagekit.io/ZHONGyuan/ZHONGyuan/Fragment/couverture_edited.jpg,couverture_edited.jpg,couverture_edited.jpg,,/ZHONGyuan/Fragment/couverture_edited.jpg,1,['https://ik.imagekit.io/ZHONGyuan/ZHONGyuan/Fragment/couverture_edited.jpg']
6a118bcf5c7cd75eb87cd7f2,File,Acheter_des_graines_pour_les_planter-01.png - Acheter_des_graines_pour_les_planter-01.png - 01,/ZHONGyuan/Jeu Societe/Acheter_des_graines_pour_les_planter-01.png,2026-05-23T11:13:19.254Z,https://ik.imagekit.io/ZHONGyuan/ZHONGyuan/Jeu%20Societe/Acheter_des_graines_pour_les_planter-01.png?updatedAt=1779534799674,png,39413,https://ik.imagekit.io/ZHONGyuan/ZHONGyuan/Jeu Societe/Acheter_des_graines_pour_les_planter-01.png,Acheter_des_graines_pour_les_planter-01.png,Acheter_des_graines_pour_les_planter-01.png,,/ZHONGyuan/Jeu Societe/Acheter_des_graines_pour_les_planter-01.png,1,['https://ik.imagekit.io/ZHONGyuan/ZHONGyuan/Jeu Societe/Acheter_des_graines_pour_les_planter-01.png']
6a118bcf5c7cd75eb87cd7d5,File,Acheter_un_go没ter_au_parc-01.png - Acheter_un_go没ter_au_parc-01.png - 01,/ZHONGyuan/Jeu Societe/Acheter_un_go没ter_au_parc-01.png,2026-05-23T11:13:19.231Z,https://ik.imagekit.io/ZHONGyuan/ZHONGyuan/Jeu%20Societe/Acheter_un_go%C3%BBter_au_parc-01.png?updatedAt=1779534799663,png,49764,https://ik.imagekit.io/ZHONGyuan/ZHONGyuan/Jeu Societe/Acheter_un_go没ter_au_parc-01.png,Acheter_un_go没ter_au_parc-01.png,Acheter_un_go没ter_au_parc-01.png,,/ZHONGyuan/Jeu Societe/Acheter_un_go没ter_au_parc-01.png,1,['https://ik.imagekit.io/ZHONGyuan/ZHONGyuan/Jeu Societe/Acheter_un_go没ter_au_parc-01.png']
6a118bcf5c7cd75eb87cd839,File,Aller_au_march茅_pour_cuisiner-01.png - Aller_au_march茅_pour_cuisiner-01.png - 01,/ZHONGyuan/Jeu Societe/Aller_au_march茅_pour_cuisiner-01.png,2026-05-23T11:13:19.296Z,https://ik.imagekit.io/ZHONGyuan/ZHONGyuan/Jeu%20Societe/Aller_au_march%C3%A9_pour_cuisiner-01.png?updatedAt=1779534799765,png,70006,https://ik.imagekit.io/ZHONGyuan/ZHONGyuan/Jeu Societe/Aller_au_march茅_pour_cuisiner-01.png,Aller_au_march茅_pour_cuisiner-01.png,Aller_au_march茅_pour_cuisiner-01.png,,/ZHONGyuan/Jeu Societe/Aller_au_march茅_pour_cuisiner-01.png,1,['https://ik.imagekit.io/ZHONGyuan/ZHONGyuan/Jeu Societe/Aller_au_march茅_pour_cuisiner-01.png']
6a118bcf5c7cd75eb87cd7dc,File,Apporter_la_tondeuse_chez_le_r茅parateur-01.png - Apporter_la_tondeuse_chez_le_r茅parateur-01.png - 01,/ZHONGyuan/Jeu Societe/Apporter_la_tondeuse_chez_le_r茅parateur-01.png,2026-05-23T11:13:19.231Z,https://ik.imagekit.io/ZHONGyuan/ZHONGyuan/Jeu%20Societe/Apporter_la_tondeuse_chez_le_r%C3%A9parateur-01.png?updatedAt=1779534799655,png,30631,https://ik.imagekit.io/ZHONGyuan/ZHONGyuan/Jeu Societe/Apporter_la_tondeuse_chez_le_r茅parateur-01.png,Apporter_la_tondeuse_chez_le_r茅parateur-01.png,Apporter_la_tondeuse_chez_le_r茅parateur-01.png,,/ZHONGyuan/Jeu Societe/Apporter_la_tondeuse_chez_le_r茅parateur-01.png,1,['https://ik.imagekit.io/ZHONGyuan/ZHONGyuan/Jeu Societe/Apporter_la_tondeuse_chez_le_r茅parateur-01.png']
6a118bcf5c7cd75eb87cd7f6,File,Arroser_les_plantes-01.png - Arroser_les_plantes-01.png - 01,/ZHONGyuan/Jeu Societe/Arroser_les_plantes-01.png,2026-05-23T11:13:19.260Z,https://ik.imagekit.io/ZHONGyuan/ZHONGyuan/Jeu%20Societe/Arroser_les_plantes-01.png?updatedAt=1779534799811,png,48325,https://ik.imagekit.io/ZHONGyuan/ZHONGyuan/Jeu Societe/Arroser_les_plantes-01.png,Arroser_les_plantes-01.png,Arroser_les_plantes-01.png,,/ZHONGyuan/Jeu Societe/Arroser_les_plantes-01.png,1,['https://ik.imagekit.io/ZHONGyuan/ZHONGyuan/Jeu Societe/Arroser_les_plantes-01.png']
6a118bcf5c7cd75eb87cd7e9,File,Bac_脿_sable-01.png - Bac_脿_sable-01.png - 01,/ZHONGyuan/Jeu Societe/Bac_脿_sable-01.png,2026-05-23T11:13:19.243Z,https://ik.imagekit.io/ZHONGyuan/ZHONGyuan/Jeu%20Societe/Bac_%C3%A0_sable-01.png?updatedAt=1779534799654,png,37697,https://ik.imagekit.io/ZHONGyuan/ZHONGyuan/Jeu Societe/Bac_脿_sable-01.png,Bac_脿_sable-01.png,Bac_脿_sable-01.png,,/ZHONGyuan/Jeu Societe/Bac_脿_sable-01.png,1,['https://ik.imagekit.io/ZHONGyuan/ZHONGyuan/Jeu Societe/Bac_脿_sable-01.png']
6a118bcf5c7cd75eb87cd83a,File,Boulangerie-01.png - Boulangerie-01.png - 01,/ZHONGyuan/Jeu Societe/Boulangerie-01.png,2026-05-23T11:13:19.294Z,https://ik.imagekit.io/ZHONGyuan/ZHONGyuan/Jeu%20Societe/Boulangerie-01.png?updatedAt=1779534799744,png,61743,https://ik.imagekit.io/ZHONGyuan/ZHONGyuan/Jeu Societe/Boulangerie-01.png,Boulangerie-01.png,Boulangerie-01.png,,/ZHONGyuan/Jeu Societe/Boulangerie-01.png,1,['https://ik.imagekit.io/ZHONGyuan/ZHONGyuan/Jeu Societe/Boulangerie-01.png']
6a118bcf5c7cd75eb87cd7e6,File,Bricoler-01.png - Bricoler-01.png - 01,/ZHONGyuan/Jeu Societe/Bricoler-01.png,2026-05-23T11:13:19.242Z,https://ik.imagekit.io/ZHONGyuan/ZHONGyuan/Jeu%20Societe/Bricoler-01.png?updatedAt=1779534799668,png,42530,https://ik.imagekit.io/ZHONGyuan/ZHONGyuan/Jeu Societe/Bricoler-01.png,Bricoler-01.png,Bricoler-01.png,,/ZHONGyuan/Jeu Societe/Bricoler-01.png,1,['https://ik.imagekit.io/ZHONGyuan/ZHONGyuan/Jeu Societe/Bricoler-01.png']
6a118bcf5c7cd75eb87cd82b,File,Cerf-Volant-01.png - Cerf-Volant-01.png - 01,/ZHONGyuan/Jeu Societe/Cerf-Volant-01.png,2026-05-23T11:13:19.296Z,https://ik.imagekit.io/ZHONGyuan/ZHONGyuan/Jeu%20Societe/Cerf-Volant-01.png?updatedAt=1779534799769,png,29760,https://ik.imagekit.io/ZHONGyuan/ZHONGyuan/Jeu Societe/Cerf-Volant-01.png,Cerf-Volant-01.png,Cerf-Volant-01.png,,/ZHONGyuan/Jeu Societe/Cerf-Volant-01.png,1,['https://ik.imagekit.io/ZHONGyuan/ZHONGyuan/Jeu Societe/Cerf-Volant-01.png']
6a118bcf5c7cd75eb87cd859,File,Cin茅ma-01.png - Cin茅ma-01.png - 01,/ZHONGyuan/Jeu Societe/Cin茅ma-01.png,2026-05-23T11:13:19.304Z,https://ik.imagekit.io/ZHONGyuan/ZHONGyuan/Jeu%20Societe/Cin%C3%A9ma-01.png?updatedAt=1779534799758,png,28609,https://ik.imagekit.io/ZHONGyuan/ZHONGyuan/Jeu Societe/Cin茅ma-01.png,Cin茅ma-01.png,Cin茅ma-01.png,,/ZHONGyuan/Jeu Societe/Cin茅ma-01.png,1,['https://ik.imagekit.io/ZHONGyuan/ZHONGyuan/Jeu Societe/Cin茅ma-01.png']
6a118bcf5c7cd75eb87cd7e2,File,Construire_une_cabane-01.png - Construire_une_cabane-01.png - 01,/ZHONGyuan/Jeu Societe/Construire_une_cabane-01.png,2026-05-23T11:13:19.238Z,https://ik.imagekit.io/ZHONGyuan/ZHONGyuan/Jeu%20Societe/Construire_une_cabane-01.png?updatedAt=1779534799685,png,43920,https://ik.imagekit.io/ZHONGyuan/ZHONGyuan/Jeu Societe/Construire_une_cabane-01.png,Construire_une_cabane-01.png,Construire_une_cabane-01.png,,/ZHONGyuan/Jeu Societe/Construire_une_cabane-01.png,1,['https://ik.imagekit.io/ZHONGyuan/ZHONGyuan/Jeu Societe/Construire_une_cabane-01.png']
6a118bcf5c7cd75eb87cd838,File,Cuisiner-01.png - Cuisiner-01.png - 01,/ZHONGyuan/Jeu Societe/Cuisiner-01.png,2026-05-23T11:13:19.298Z,https://ik.imagekit.io/ZHONGyuan/ZHONGyuan/Jeu%20Societe/Cuisiner-01.png?updatedAt=1779534799738,png,60901,https://ik.imagekit.io/ZHONGyuan/ZHONGyuan/Jeu Societe/Cuisiner-01.png,Cuisiner-01.png,Cuisiner-01.png,,/ZHONGyuan/Jeu Societe/Cuisiner-01.png,1,['https://ik.imagekit.io/ZHONGyuan/ZHONGyuan/Jeu Societe/Cuisiner-01.png']
6a118bcf5c7cd75eb87cd85e,File,D茅velopper_les_photos_pour_faire_un_album-01.png - D茅velopper_les_photos_pour_faire_un_album-01.png - 01,/ZHONGyuan/Jeu Societe/D茅velopper_les_photos_pour_faire_un_album-01.png,2026-05-23T11:13:19.306Z,https://ik.imagekit.io/ZHONGyuan/ZHONGyuan/Jeu%20Societe/D%C3%A9velopper_les_photos_pour_faire_un_album-01.png?updatedAt=1779534799830,png,57417,https://ik.imagekit.io/ZHONGyuan/ZHONGyuan/Jeu Societe/D茅velopper_les_photos_pour_faire_un_album-01.png,D茅velopper_les_photos_pour_faire_un_album-01.png,D茅velopper_les_photos_pour_faire_un_album-01.png,,/ZHONGyuan/Jeu Societe/D茅velopper_les_photos_pour_faire_un_album-01.png,1,['https://ik.imagekit.io/ZHONGyuan/ZHONGyuan/Jeu Societe/D茅velopper_les_photos_pour_faire_un_album-01.png']
6a118bcf5c7cd75eb87cd81f,File,FRUITS_L脡GUMES-01.png - FRUITS_L脡GUMES-01.png - 01,/ZHONGyuan/Jeu Societe/FRUITS_L脡GUMES-01.png,2026-05-23T11:13:19.291Z,https://ik.imagekit.io/ZHONGyuan/ZHONGyuan/Jeu%20Societe/FRUITS_L%C3%89GUMES-01.png?updatedAt=1779534799750,png,62966,https://ik.imagekit.io/ZHONGyuan/ZHONGyuan/Jeu Societe/FRUITS_L脡GUMES-01.png,FRUITS_L脡GUMES-01.png,FRUITS_L脡GUMES-01.png,,/ZHONGyuan/Jeu Societe/FRUITS_L脡GUMES-01.png,1,['https://ik.imagekit.io/ZHONGyuan/ZHONGyuan/Jeu Societe/FRUITS_L脡GUMES-01.png']
6a118bcf5c7cd75eb87cd856,File,Fabriquer_un_lance-pierre-01.png - Fabriquer_un_lance-pierre-01.png - 01,/ZHONGyuan/Jeu Societe/Fabriquer_un_lance-pierre-01.png,2026-05-23T11:13:19.305Z,https://ik.imagekit.io/ZHONGyuan/ZHONGyuan/Jeu%20Societe/Fabriquer_un_lance-pierre-01.png?updatedAt=1779534799761,png,44900,https://ik.imagekit.io/ZHONGyuan/ZHONGyuan/Jeu Societe/Fabriquer_un_lance-pierre-01.png,Fabriquer_un_lance-pierre-01.png,Fabriquer_un_lance-pierre-01.png,,/ZHONGyuan/Jeu Societe/Fabriquer_un_lance-pierre-01.png,1,['https://ik.imagekit.io/ZHONGyuan/ZHONGyuan/Jeu Societe/Fabriquer_un_lance-pierre-01.png']
6a118bcf5c7cd75eb87cd85f,File,Faire_un_herbier-01.png - Faire_un_herbier-01.png - 01,/ZHONGyuan/Jeu Societe/Faire_un_herbier-01.png,2026-05-23T11:13:19.306Z,https://ik.imagekit.io/ZHONGyuan/ZHONGyuan/Jeu%20Societe/Faire_un_herbier-01.png?updatedAt=1779534799778,png,35498,https://ik.imagekit.io/ZHONGyuan/ZHONGyuan/Jeu Societe/Faire_un_herbier-01.png,Faire_un_herbier-01.png,Faire_un_herbier-01.png,,/ZHONGyuan/Jeu Societe/Faire_un_herbier-01.png,1,['https://ik.imagekit.io/ZHONGyuan/ZHONGyuan/Jeu Societe/Faire_un_herbier-01.png']
6a118bcf5c7cd75eb87cd83e,File,Jeux_de_soci茅t茅-01.png - Jeux_de_soci茅t茅-01.png - 01,/ZHONGyuan/Jeu Societe/Jeux_de_soci茅t茅-01.png,2026-05-23T11:13:19.298Z,https://ik.imagekit.io/ZHONGyuan/ZHONGyuan/Jeu%20Societe/Jeux_de_soci%C3%A9t%C3%A9-01.png?updatedAt=1779534799757,png,38566,https://ik.imagekit.io/ZHONGyuan/ZHONGyuan/Jeu Societe/Jeux_de_soci茅t茅-01.png,Jeux_de_soci茅t茅-01.png,Jeux_de_soci茅t茅-01.png,,/ZHONGyuan/Jeu Societe/Jeux_de_soci茅t茅-01.png,1,['https://ik.imagekit.io/ZHONGyuan/ZHONGyuan/Jeu Societe/Jeux_de_soci茅t茅-01.png']
6a118bcf5c7cd75eb87cd81e,File,Jouer_au_ballon-01.png - Jouer_au_ballon-01.png - 01,/ZHONGyuan/Jeu Societe/Jouer_au_ballon-01.png,2026-05-23T11:13:19.292Z,https://ik.imagekit.io/ZHONGyuan/ZHONGyuan/Jeu%20Societe/Jouer_au_ballon-01.png?updatedAt=1779534799757,png,38274,https://ik.imagekit.io/ZHONGyuan/ZHONGyuan/Jeu Societe/Jouer_au_ballon-01.png,Jouer_au_ballon-01.png,Jouer_au_ballon-01.png,,/ZHONGyuan/Jeu Societe/Jouer_au_ballon-01.png,1,['https://ik.imagekit.io/ZHONGyuan/ZHONGyuan/Jeu Societe/Jouer_au_ballon-01.png']
6a118bcf5c7cd75eb87cd826,File,Jouer_avec_des_copains-01.png - Jouer_avec_des_copains-01.png - 01,/ZHONGyuan/Jeu Societe/Jouer_avec_des_copains-01.png,2026-05-23T11:13:19.294Z,https://ik.imagekit.io/ZHONGyuan/ZHONGyuan/Jeu%20Societe/Jouer_avec_des_copains-01.png?updatedAt=1779534799781,png,34730,https://ik.imagekit.io/ZHONGyuan/ZHONGyuan/Jeu Societe/Jouer_avec_des_copains-01.png,Jouer_avec_des_copains-01.png,Jouer_avec_des_copains-01.png,,/ZHONGyuan/Jeu Societe/Jouer_avec_des_copains-01.png,1,['https://ik.imagekit.io/ZHONGyuan/ZHONGyuan/Jeu Societe/Jouer_avec_des_copains-01.png']
6a118bcf5c7cd75eb87cd82d,File,LAITAGES-01.png - LAITAGES-01.png - 01,/ZHONGyuan/Jeu Societe/LAITAGES-01.png,2026-05-23T11:13:19.296Z,https://ik.imagekit.io/ZHONGyuan/ZHONGyuan/Jeu%20Societe/LAITAGES-01.png?updatedAt=1779534799730,png,58190,https://ik.imagekit.io/ZHONGyuan/ZHONGyuan/Jeu Societe/LAITAGES-01.png,LAITAGES-01.png,LAITAGES-01.png,,/ZHONGyuan/Jeu Societe/LAITAGES-01.png,1,['https://ik.imagekit.io/ZHONGyuan/ZHONGyuan/Jeu Societe/LAITAGES-01.png']
6a118bcf5c7cd75eb87cd853,File,Lire-01.png - Lire-01.png - 01,/ZHONGyuan/Jeu Societe/Lire-01.png,2026-05-23T11:13:19.304Z,https://ik.imagekit.io/ZHONGyuan/ZHONGyuan/Jeu%20Societe/Lire-01.png?updatedAt=1779534799817,png,58586,https://ik.imagekit.io/ZHONGyuan/ZHONGyuan/Jeu Societe/Lire-01.png,Lire-01.png,Lire-01.png,,/ZHONGyuan/Jeu Societe/Lire-01.png,1,['https://ik.imagekit.io/ZHONGyuan/ZHONGyuan/Jeu Societe/Lire-01.png']
6a118bcf5c7cd75eb87cd830,File,Man猫ge-01.png - Man猫ge-01.png - 01,/ZHONGyuan/Jeu Societe/Man猫ge-01.png,2026-05-23T11:13:19.296Z,https://ik.imagekit.io/ZHONGyuan/ZHONGyuan/Jeu%20Societe/Man%C3%A8ge-01.png?updatedAt=1779534799765,png,41199,https://ik.imagekit.io/ZHONGyuan/ZHONGyuan/Jeu Societe/Man猫ge-01.png,Man猫ge-01.png,Man猫ge-01.png,,/ZHONGyuan/Jeu Societe/Man猫ge-01.png,1,['https://ik.imagekit.io/ZHONGyuan/ZHONGyuan/Jeu Societe/Man猫ge-01.png']
6a118bcf5c7cd75eb87cd82f,File,Mus茅e-01.png - Mus茅e-01.png - 01,/ZHONGyuan/Jeu Societe/Mus茅e-01.png,2026-05-23T11:13:19.296Z,https://ik.imagekit.io/ZHONGyuan/ZHONGyuan/Jeu%20Societe/Mus%C3%A9e-01.png?updatedAt=1779534799824,png,6610,https://ik.imagekit.io/ZHONGyuan/ZHONGyuan/Jeu Societe/Mus茅e-01.png,Mus茅e-01.png,Mus茅e-01.png,,/ZHONGyuan/Jeu Societe/Mus茅e-01.png,1,['https://ik.imagekit.io/ZHONGyuan/ZHONGyuan/Jeu Societe/Mus茅e-01.png']
6a118bcf5c7cd75eb87cd6cb,File,Piscine-01-6ab917b2fe864083860d40e1ce2d7db6.png - Piscine-01-6ab917b2fe864083860d40e1ce2d7db6.png - 01,/ZHONGyuan/Jeu Societe/Piscine-01-6ab917b2fe864083860d40e1ce2d7db6.png,2026-05-23T11:13:19.060Z,https://ik.imagekit.io/ZHONGyuan/ZHONGyuan/Jeu%20Societe/Piscine-01-6ab917b2fe864083860d40e1ce2d7db6.png?updatedAt=1779534799484,png,120882,https://ik.imagekit.io/ZHONGyuan/ZHONGyuan/Jeu Societe/Piscine-01-6ab917b2fe864083860d40e1ce2d7db6.png,Piscine-01-6ab917b2fe864083860d40e1ce2d7db6.png,Piscine-01-6ab917b2fe864083860d40e1ce2d7db6.png,,/ZHONGyuan/Jeu Societe/Piscine-01-6ab917b2fe864083860d40e1ce2d7db6.png,1,['https://ik.imagekit.io/ZHONGyuan/ZHONGyuan/Jeu Societe/Piscine-01-6ab917b2fe864083860d40e1ce2d7db6.png']
6a118bcf5c7cd75eb87cd861,File,Piscine-01.png - Piscine-01.png - 01,/ZHONGyuan/Jeu Societe/Piscine-01.png,2026-05-23T11:13:19.306Z,https://ik.imagekit.io/ZHONGyuan/ZHONGyuan/Jeu%20Societe/Piscine-01.png?updatedAt=1779534799791,png,120882,https://ik.imagekit.io/ZHONGyuan/ZHONGyuan/Jeu Societe/Piscine-01.png,Piscine-01.png,Piscine-01.png,,/ZHONGyuan/Jeu Societe/Piscine-01.png,1,['https://ik.imagekit.io/ZHONGyuan/ZHONGyuan/Jeu Societe/Piscine-01.png']
6a118bcf5c7cd75eb87cd6bd,File,Promener_le_chien-01.png - Promener_le_chien-01.png - 01,/ZHONGyuan/Jeu Societe/Promener_le_chien-01.png,2026-05-23T11:13:19.045Z,https://ik.imagekit.io/ZHONGyuan/ZHONGyuan/Jeu%20Societe/Promener_le_chien-01.png?updatedAt=1779534799483,png,37619,https://ik.imagekit.io/ZHONGyuan/ZHONGyuan/Jeu Societe/Promener_le_chien-01.png,Promener_le_chien-01.png,Promener_le_chien-01.png,,/ZHONGyuan/Jeu Societe/Promener_le_chien-01.png,1,['https://ik.imagekit.io/ZHONGyuan/ZHONGyuan/Jeu Societe/Promener_le_chien-01.png']
6a118bcf5c7cd75eb87cd7a0,File,R茅parer_la_voiture-01.png - R茅parer_la_voiture-01.png - 01,/ZHONGyuan/Jeu Societe/R茅parer_la_voiture-01.png,2026-05-23T11:13:19.202Z,https://ik.imagekit.io/ZHONGyuan/ZHONGyuan/Jeu%20Societe/R%C3%A9parer_la_voiture-01.png?updatedAt=1779534799617,png,32090,https://ik.imagekit.io/ZHONGyuan/ZHONGyuan/Jeu Societe/R茅parer_la_voiture-01.png,R茅parer_la_voiture-01.png,R茅parer_la_voiture-01.png,,/ZHONGyuan/Jeu Societe/R茅parer_la_voiture-01.png,1,['https://ik.imagekit.io/ZHONGyuan/ZHONGyuan/Jeu Societe/R茅parer_la_voiture-01.png']
6a118bcf5c7cd75eb87cd79d,File,S_occuper_du_potager-01.png - S_occuper_du_potager-01.png - 01,/ZHONGyuan/Jeu Societe/S_occuper_du_potager-01.png,2026-05-23T11:13:19.202Z,https://ik.imagekit.io/ZHONGyuan/ZHONGyuan/Jeu%20Societe/S_occuper_du_potager-01.png?updatedAt=1779534799643,png,46563,https://ik.imagekit.io/ZHONGyuan/ZHONGyuan/Jeu Societe/S_occuper_du_potager-01.png,S_occuper_du_potager-01.png,S_occuper_du_potager-01.png,,/ZHONGyuan/Jeu Societe/S_occuper_du_potager-01.png,1,['https://ik.imagekit.io/ZHONGyuan/ZHONGyuan/Jeu Societe/S_occuper_du_potager-01.png']
6a118bcf5c7cd75eb87cd7da,File,Sucr茅-01.png - Sucr茅-01.png - 01,/ZHONGyuan/Jeu Societe/Sucr茅-01.png,2026-05-23T11:13:19.232Z,https://ik.imagekit.io/ZHONGyuan/ZHONGyuan/Jeu%20Societe/Sucr%C3%A9-01.png?updatedAt=1779534799798,png,77919,https://ik.imagekit.io/ZHONGyuan/ZHONGyuan/Jeu Societe/Sucr茅-01.png,Sucr茅-01.png,Sucr茅-01.png,,/ZHONGyuan/Jeu Societe/Sucr茅-01.png,1,['https://ik.imagekit.io/ZHONGyuan/ZHONGyuan/Jeu Societe/Sucr茅-01.png']
6a118bcf5c7cd75eb87cd7b8,File,Toboggan-01.png - Toboggan-01.png - 01,/ZHONGyuan/Jeu Societe/Toboggan-01.png,2026-05-23T11:13:19.218Z,https://ik.imagekit.io/ZHONGyuan/ZHONGyuan/Jeu%20Societe/Toboggan-01.png?updatedAt=1779534799655,png,47107,https://ik.imagekit.io/ZHONGyuan/ZHONGyuan/Jeu Societe/Toboggan-01.png,Toboggan-01.png,Toboggan-01.png,,/ZHONGyuan/Jeu Societe/Toboggan-01.png,1,['https://ik.imagekit.io/ZHONGyuan/ZHONGyuan/Jeu Societe/Toboggan-01.png']
6a118bcf5c7cd75eb87cd7c4,File,Tondre_la_pelouse-01.png - Tondre_la_pelouse-01.png - 01,/ZHONGyuan/Jeu Societe/Tondre_la_pelouse-01.png,2026-05-23T11:13:19.226Z,https://ik.imagekit.io/ZHONGyuan/ZHONGyuan/Jeu%20Societe/Tondre_la_pelouse-01.png?updatedAt=1779534799663,png,49882,https://ik.imagekit.io/ZHONGyuan/ZHONGyuan/Jeu Societe/Tondre_la_pelouse-01.png,Tondre_la_pelouse-01.png,Tondre_la_pelouse-01.png,,/ZHONGyuan/Jeu Societe/Tondre_la_pelouse-01.png,1,['https://ik.imagekit.io/ZHONGyuan/ZHONGyuan/Jeu Societe/Tondre_la_pelouse-01.png']
6a118bcf5c7cd75eb87cd7c9,File,Tv-01.png - Tv-01.png - 01,/ZHONGyuan/Jeu Societe/Tv-01.png,2026-05-23T11:13:19.228Z,https://ik.imagekit.io/ZHONGyuan/ZHONGyuan/Jeu%20Societe/Tv-01.png?updatedAt=1779534799645,png,32885,https://ik.imagekit.io/ZHONGyuan/ZHONGyuan/Jeu Societe/Tv-01.png,Tv-01.png,Tv-01.png,,/ZHONGyuan/Jeu Societe/Tv-01.png,1,['https://ik.imagekit.io/ZHONGyuan/ZHONGyuan/Jeu Societe/Tv-01.png']
6a118bcf5c7cd75eb87cd7d0,File,Viandes-01.png - Viandes-01.png - 01,/ZHONGyuan/Jeu Societe/Viandes-01.png,2026-05-23T11:13:19.231Z,https://ik.imagekit.io/ZHONGyuan/ZHONGyuan/Jeu%20Societe/Viandes-01.png?updatedAt=1779534799656,png,66554,https://ik.imagekit.io/ZHONGyuan/ZHONGyuan/Jeu Societe/Viandes-01.png,Viandes-01.png,Viandes-01.png,,/ZHONGyuan/Jeu Societe/Viandes-01.png,1,['https://ik.imagekit.io/ZHONGyuan/ZHONGyuan/Jeu Societe/Viandes-01.png']
6a118bcf5c7cd75eb87cd848,File,enfant1.png - enfant1.png - 01,/ZHONGyuan/Jeu Societe/enfant1.png,2026-05-23T11:13:19.303Z,https://ik.imagekit.io/ZHONGyuan/ZHONGyuan/Jeu%20Societe/enfant1.png?updatedAt=1779534799786,png,19547,https://ik.imagekit.io/ZHONGyuan/ZHONGyuan/Jeu Societe/enfant1.png,enfant1.png,enfant1.png,,/ZHONGyuan/Jeu Societe/enfant1.png,1,['https://ik.imagekit.io/ZHONGyuan/ZHONGyuan/Jeu Societe/enfant1.png']
6a118bcf5c7cd75eb87cd818,File,enfant2.png - enfant2.png - 01,/ZHONGyuan/Jeu Societe/enfant2.png,2026-05-23T11:13:19.290Z,https://ik.imagekit.io/ZHONGyuan/ZHONGyuan/Jeu%20Societe/enfant2.png?updatedAt=1779534799716,png,15778,https://ik.imagekit.io/ZHONGyuan/ZHONGyuan/Jeu Societe/enfant2.png,enfant2.png,enfant2.png,,/ZHONGyuan/Jeu Societe/enfant2.png,1,['https://ik.imagekit.io/ZHONGyuan/ZHONGyuan/Jeu Societe/enfant2.png']
6a118bcf5c7cd75eb87cd849,File,enfant3.png - enfant3.png - 01,/ZHONGyuan/Jeu Societe/enfant3.png,2026-05-23T11:13:19.302Z,https://ik.imagekit.io/ZHONGyuan/ZHONGyuan/Jeu%20Societe/enfant3.png?updatedAt=1779534799753,png,16669,https://ik.imagekit.io/ZHONGyuan/ZHONGyuan/Jeu Societe/enfant3.png,enfant3.png,enfant3.png,,/ZHONGyuan/Jeu Societe/enfant3.png,1,['https://ik.imagekit.io/ZHONGyuan/ZHONGyuan/Jeu Societe/enfant3.png']
6a118bcf5c7cd75eb87cd827,File,enfant4.png - enfant4.png - 01,/ZHONGyuan/Jeu Societe/enfant4.png,2026-05-23T11:13:19.294Z,https://ik.imagekit.io/ZHONGyuan/ZHONGyuan/Jeu%20Societe/enfant4.png?updatedAt=1779534799752,png,19268,https://ik.imagekit.io/ZHONGyuan/ZHONGyuan/Jeu Societe/enfant4.png,enfant4.png,enfant4.png,,/ZHONGyuan/Jeu Societe/enfant4.png,1,['https://ik.imagekit.io/ZHONGyuan/ZHONGyuan/Jeu Societe/enfant4.png']
6a118bcf5c7cd75eb87cd813,File,enfant5.png - enfant5.png - 01,/ZHONGyuan/Jeu Societe/enfant5.png,2026-05-23T11:13:19.288Z,https://ik.imagekit.io/ZHONGyuan/ZHONGyuan/Jeu%20Societe/enfant5.png?updatedAt=1779534799739,png,17546,https://ik.imagekit.io/ZHONGyuan/ZHONGyuan/Jeu Societe/enfant5.png,enfant5.png,enfant5.png,,/ZHONGyuan/Jeu Societe/enfant5.png,1,['https://ik.imagekit.io/ZHONGyuan/ZHONGyuan/Jeu Societe/enfant5.png']
6a118bcf5c7cd75eb87cd851,File,enfant6.png - enfant6.png - 01,/ZHONGyuan/Jeu Societe/enfant6.png,2026-05-23T11:13:19.304Z,https://ik.imagekit.io/ZHONGyuan/ZHONGyuan/Jeu%20Societe/enfant6.png?updatedAt=1779534799768,png,20040,https://ik.imagekit.io/ZHONGyuan/ZHONGyuan/Jeu Societe/enfant6.png,enfant6.png,enfant6.png,,/ZHONGyuan/Jeu Societe/enfant6.png,1,['https://ik.imagekit.io/ZHONGyuan/ZHONGyuan/Jeu Societe/enfant6.png']
6a118c2b5c7cd75eb87ea5af,File,IMG_3066_edited.jpg - IMG_3066_edited.jpg - 01,/ZHONGyuan/L'encre dans la mer/IMG_3066_edited.jpg,2026-05-23T11:14:51.836Z,https://ik.imagekit.io/ZHONGyuan/ZHONGyuan/L'encre%20dans%20la%20mer/IMG_3066_edited.jpg?updatedAt=1779534892237,jpg,341057,https://ik.imagekit.io/ZHONGyuan/ZHONGyuan/L'encre dans la mer/IMG_3066_edited.jpg,IMG_3066_edited.jpg,IMG_3066_edited.jpg,,/ZHONGyuan/L'encre dans la mer/IMG_3066_edited.jpg,1,"[""https://ik.imagekit.io/ZHONGyuan/ZHONGyuan/L'encre dans la mer/IMG_3066_edited.jpg""]"
6a118c2c5c7cd75eb87ea625,File,IMG_3071.JPG - IMG_3071.JPG - 01,/ZHONGyuan/L'encre dans la mer/IMG_3071.JPG,2026-05-23T11:14:51.925Z,https://ik.imagekit.io/ZHONGyuan/ZHONGyuan/L'encre%20dans%20la%20mer/IMG_3071.JPG?updatedAt=1779534892331,jpg,696320,https://ik.imagekit.io/ZHONGyuan/ZHONGyuan/L'encre dans la mer/IMG_3071.JPG,IMG_3071.JPG,IMG_3071.JPG,,/ZHONGyuan/L'encre dans la mer/IMG_3071.JPG,1,"[""https://ik.imagekit.io/ZHONGyuan/ZHONGyuan/L'encre dans la mer/IMG_3071.JPG""]"
6a118c2c5c7cd75eb87ea630,File,IMG_3072.JPG - IMG_3072.JPG - 01,/ZHONGyuan/L'encre dans la mer/IMG_3072.JPG,2026-05-23T11:14:51.935Z,https://ik.imagekit.io/ZHONGyuan/ZHONGyuan/L'encre%20dans%20la%20mer/IMG_3072.JPG?updatedAt=1779534892346,jpg,680491,https://ik.imagekit.io/ZHONGyuan/ZHONGyuan/L'encre dans la mer/IMG_3072.JPG,IMG_3072.JPG,IMG_3072.JPG,,/ZHONGyuan/L'encre dans la mer/IMG_3072.JPG,1,"[""https://ik.imagekit.io/ZHONGyuan/ZHONGyuan/L'encre dans la mer/IMG_3072.JPG""]"
6a118c2c5c7cd75eb87ea78d,File,IMG_4931.JPG - IMG_4931.JPG - 01,/ZHONGyuan/L'encre dans la mer/IMG_4931.JPG,2026-05-23T11:14:52.294Z,https://ik.imagekit.io/ZHONGyuan/ZHONGyuan/L'encre%20dans%20la%20mer/IMG_4931.JPG?updatedAt=1779534892718,jpg,1794517,https://ik.imagekit.io/ZHONGyuan/ZHONGyuan/L'encre dans la mer/IMG_4931.JPG,IMG_4931.JPG,IMG_4931.JPG,,/ZHONGyuan/L'encre dans la mer/IMG_4931.JPG,1,"[""https://ik.imagekit.io/ZHONGyuan/ZHONGyuan/L'encre dans la mer/IMG_4931.JPG""]"
6a118c2c5c7cd75eb87ea6bc,File,IMG_4932.JPG - IMG_4932.JPG - 01,/ZHONGyuan/L'encre dans la mer/IMG_4932.JPG,2026-05-23T11:14:52.079Z,https://ik.imagekit.io/ZHONGyuan/ZHONGyuan/L'encre%20dans%20la%20mer/IMG_4932.JPG?updatedAt=1779534892517,jpg,1399919,https://ik.imagekit.io/ZHONGyuan/ZHONGyuan/L'encre dans la mer/IMG_4932.JPG,IMG_4932.JPG,IMG_4932.JPG,,/ZHONGyuan/L'encre dans la mer/IMG_4932.JPG,1,"[""https://ik.imagekit.io/ZHONGyuan/ZHONGyuan/L'encre dans la mer/IMG_4932.JPG""]"
6a118c2c5c7cd75eb87ea706,File,IMG_4933.JPG - IMG_4933.JPG - 01,/ZHONGyuan/L'encre dans la mer/IMG_4933.JPG,2026-05-23T11:14:52.155Z,https://ik.imagekit.io/ZHONGyuan/ZHONGyuan/L'encre%20dans%20la%20mer/IMG_4933.JPG?updatedAt=1779534892611,jpg,1637396,https://ik.imagekit.io/ZHONGyuan/ZHONGyuan/L'encre dans la mer/IMG_4933.JPG,IMG_4933.JPG,IMG_4933.JPG,,/ZHONGyuan/L'encre dans la mer/IMG_4933.JPG,1,"[""https://ik.imagekit.io/ZHONGyuan/ZHONGyuan/L'encre dans la mer/IMG_4933.JPG""]"
6a118c2b5c7cd75eb87ea3b7,File,IMG_4936.JPG - IMG_4936.JPG - 01,/ZHONGyuan/L'encre dans la mer/IMG_4936.JPG,2026-05-23T11:14:51.441Z,https://ik.imagekit.io/ZHONGyuan/ZHONGyuan/L'encre%20dans%20la%20mer/IMG_4936.JPG?updatedAt=1779534891875,jpg,1597163,https://ik.imagekit.io/ZHONGyuan/ZHONGyuan/L'encre dans la mer/IMG_4936.JPG,IMG_4936.JPG,IMG_4936.JPG,,/ZHONGyuan/L'encre dans la mer/IMG_4936.JPG,1,"[""https://ik.imagekit.io/ZHONGyuan/ZHONGyuan/L'encre dans la mer/IMG_4936.JPG""]"
6a118c2b5c7cd75eb87ea3a9,File,IMG_4937.JPG - IMG_4937.JPG - 01,/ZHONGyuan/L'encre dans la mer/IMG_4937.JPG,2026-05-23T11:14:51.436Z,https://ik.imagekit.io/ZHONGyuan/ZHONGyuan/L'encre%20dans%20la%20mer/IMG_4937.JPG?updatedAt=1779534891883,jpg,1538527,https://ik.imagekit.io/ZHONGyuan/ZHONGyuan/L'encre dans la mer/IMG_4937.JPG,IMG_4937.JPG,IMG_4937.JPG,,/ZHONGyuan/L'encre dans la mer/IMG_4937.JPG,1,"[""https://ik.imagekit.io/ZHONGyuan/ZHONGyuan/L'encre dans la mer/IMG_4937.JPG""]"
6a118c2b5c7cd75eb87ea3a2,File,IMG_4938.JPG - IMG_4938.JPG - 01,/ZHONGyuan/L'encre dans la mer/IMG_4938.JPG,2026-05-23T11:14:51.431Z,https://ik.imagekit.io/ZHONGyuan/ZHONGyuan/L'encre%20dans%20la%20mer/IMG_4938.JPG?updatedAt=1779534891871,jpg,1377573,https://ik.imagekit.io/ZHONGyuan/ZHONGyuan/L'encre dans la mer/IMG_4938.JPG,IMG_4938.JPG,IMG_4938.JPG,,/ZHONGyuan/L'encre dans la mer/IMG_4938.JPG,1,"[""https://ik.imagekit.io/ZHONGyuan/ZHONGyuan/L'encre dans la mer/IMG_4938.JPG""]"
6a118c2b5c7cd75eb87ea422,File,IMG_4941.JPG - IMG_4941.JPG - 01,/ZHONGyuan/L'encre dans la mer/IMG_4941.JPG,2026-05-23T11:14:51.506Z,https://ik.imagekit.io/ZHONGyuan/ZHONGyuan/L'encre%20dans%20la%20mer/IMG_4941.JPG?updatedAt=1779534891958,jpg,1498820,https://ik.imagekit.io/ZHONGyuan/ZHONGyuan/L'encre dans la mer/IMG_4941.JPG,IMG_4941.JPG,IMG_4941.JPG,,/ZHONGyuan/L'encre dans la mer/IMG_4941.JPG,1,"[""https://ik.imagekit.io/ZHONGyuan/ZHONGyuan/L'encre dans la mer/IMG_4941.JPG""]"
6a118c2b5c7cd75eb87ea2dd,File,page-augmentation.jpg - page-augmentation.jpg - 01,/ZHONGyuan/L'encre dans la mer/page-augmentation.jpg,2026-05-23T11:14:51.279Z,https://ik.imagekit.io/ZHONGyuan/ZHONGyuan/L'encre%20dans%20la%20mer/page-augmentation.jpg?updatedAt=1779534891686,jpg,25691,https://ik.imagekit.io/ZHONGyuan/ZHONGyuan/L'encre dans la mer/page-augmentation.jpg,page-augmentation.jpg,page-augmentation.jpg,,/ZHONGyuan/L'encre dans la mer/page-augmentation.jpg,1,"[""https://ik.imagekit.io/ZHONGyuan/ZHONGyuan/L'encre dans la mer/page-augmentation.jpg""]"
6a118c2b5c7cd75eb87ea4be,File,page-augmentation10.jpg - page-augmentation10.jpg - 01,/ZHONGyuan/L'encre dans la mer/page-augmentation10.jpg,2026-05-23T11:14:51.575Z,https://ik.imagekit.io/ZHONGyuan/ZHONGyuan/L'encre%20dans%20la%20mer/page-augmentation10.jpg?updatedAt=1779534892096,jpg,112310,https://ik.imagekit.io/ZHONGyuan/ZHONGyuan/L'encre dans la mer/page-augmentation10.jpg,page-augmentation10.jpg,page-augmentation10.jpg,,/ZHONGyuan/L'encre dans la mer/page-augmentation10.jpg,1,"[""https://ik.imagekit.io/ZHONGyuan/ZHONGyuan/L'encre dans la mer/page-augmentation10.jpg""]"
6a118c2b5c7cd75eb87ea47e,File,page-augmentation11-e1504c738633401899169b88ba989e46.jpg - page-augmentation11-e1504c738633401899169b88ba989e46.jpg - 01,/ZHONGyuan/L'encre dans la mer/page-augmentation11-e1504c738633401899169b88ba989e46.jpg,2026-05-23T11:14:51.582Z,https://ik.imagekit.io/ZHONGyuan/ZHONGyuan/L'encre%20dans%20la%20mer/page-augmentation11-e1504c738633401899169b88ba989e46.jpg?updatedAt=1779534891980,jpg,179090,https://ik.imagekit.io/ZHONGyuan/ZHONGyuan/L'encre dans la mer/page-augmentation11-e1504c738633401899169b88ba989e46.jpg,page-augmentation11-e1504c738633401899169b88ba989e46.jpg,page-augmentation11-e1504c738633401899169b88ba989e46.jpg,,/ZHONGyuan/L'encre dans la mer/page-augmentation11-e1504c738633401899169b88ba989e46.jpg,1,"[""https://ik.imagekit.io/ZHONGyuan/ZHONGyuan/L'encre dans la mer/page-augmentation11-e1504c738633401899169b88ba989e46.jpg""]"
6a118c2b5c7cd75eb87ea477,File,page-augmentation11-fb7007e301de45f29521a2a2499acd03.jpg - page-augmentation11-fb7007e301de45f29521a2a2499acd03.jpg - 01,/ZHONGyuan/L'encre dans la mer/page-augmentation11-fb7007e301de45f29521a2a2499acd03.jpg,2026-05-23T11:14:51.576Z,https://ik.imagekit.io/ZHONGyuan/ZHONGyuan/L'encre%20dans%20la%20mer/page-augmentation11-fb7007e301de45f29521a2a2499acd03.jpg?updatedAt=1779534892000,jpg,179090,https://ik.imagekit.io/ZHONGyuan/ZHONGyuan/L'encre dans la mer/page-augmentation11-fb7007e301de45f29521a2a2499acd03.jpg,page-augmentation11-fb7007e301de45f29521a2a2499acd03.jpg,page-augmentation11-fb7007e301de45f29521a2a2499acd03.jpg,,/ZHONGyuan/L'encre dans la mer/page-augmentation11-fb7007e301de45f29521a2a2499acd03.jpg,1,"[""https://ik.imagekit.io/ZHONGyuan/ZHONGyuan/L'encre dans la mer/page-augmentation11-fb7007e301de45f29521a2a2499acd03.jpg""]"
6a118c2b5c7cd75eb87ea4d4,File,page-augmentation11.jpg - page-augmentation11.jpg - 01,/ZHONGyuan/L'encre dans la mer/page-augmentation11.jpg,2026-05-23T11:14:51.663Z,https://ik.imagekit.io/ZHONGyuan/ZHONGyuan/L'encre%20dans%20la%20mer/page-augmentation11.jpg?updatedAt=1779534892059,jpg,179090,https://ik.imagekit.io/ZHONGyuan/ZHONGyuan/L'encre dans la mer/page-augmentation11.jpg,page-augmentation11.jpg,page-augmentation11.jpg,,/ZHONGyuan/L'encre dans la mer/page-augmentation11.jpg,1,"[""https://ik.imagekit.io/ZHONGyuan/ZHONGyuan/L'encre dans la mer/page-augmentation11.jpg""]"
6a118c2b5c7cd75eb87ea481,File,page-augmentation12.jpg - page-augmentation12.jpg - 01,/ZHONGyuan/L'encre dans la mer/page-augmentation12.jpg,2026-05-23T11:14:51.583Z,https://ik.imagekit.io/ZHONGyuan/ZHONGyuan/L'encre%20dans%20la%20mer/page-augmentation12.jpg?updatedAt=1779534891995,jpg,105786,https://ik.imagekit.io/ZHONGyuan/ZHONGyuan/L'encre dans la mer/page-augmentation12.jpg,page-augmentation12.jpg,page-augmentation12.jpg,,/ZHONGyuan/L'encre dans la mer/page-augmentation12.jpg,1,"[""https://ik.imagekit.io/ZHONGyuan/ZHONGyuan/L'encre dans la mer/page-augmentation12.jpg""]"
6a118c2b5c7cd75eb87ea4c1,File,page-augmentation13.jpg - page-augmentation13.jpg - 01,/ZHONGyuan/L'encre dans la mer/page-augmentation13.jpg,2026-05-23T11:14:51.595Z,https://ik.imagekit.io/ZHONGyuan/ZHONGyuan/L'encre%20dans%20la%20mer/page-augmentation13.jpg?updatedAt=1779534892103,jpg,96958,https://ik.imagekit.io/ZHONGyuan/ZHONGyuan/L'encre dans la mer/page-augmentation13.jpg,page-augmentation13.jpg,page-augmentation13.jpg,,/ZHONGyuan/L'encre dans la mer/page-augmentation13.jpg,1,"[""https://ik.imagekit.io/ZHONGyuan/ZHONGyuan/L'encre dans la mer/page-augmentation13.jpg""]"
6a118c2b5c7cd75eb87ea47a,File,page-augmentation14.jpg - page-augmentation14.jpg - 01,/ZHONGyuan/L'encre dans la mer/page-augmentation14.jpg,2026-05-23T11:14:51.575Z,https://ik.imagekit.io/ZHONGyuan/ZHONGyuan/L'encre%20dans%20la%20mer/page-augmentation14.jpg?updatedAt=1779534891995,jpg,96631,https://ik.imagekit.io/ZHONGyuan/ZHONGyuan/L'encre dans la mer/page-augmentation14.jpg,page-augmentation14.jpg,page-augmentation14.jpg,,/ZHONGyuan/L'encre dans la mer/page-augmentation14.jpg,1,"[""https://ik.imagekit.io/ZHONGyuan/ZHONGyuan/L'encre dans la mer/page-augmentation14.jpg""]"
6a118c2c5c7cd75eb87ea5d4,File,page-augmentation15.jpg - page-augmentation15.jpg - 01,/ZHONGyuan/L'encre dans la mer/page-augmentation15.jpg,2026-05-23T11:14:51.864Z,https://ik.imagekit.io/ZHONGyuan/ZHONGyuan/L'encre%20dans%20la%20mer/page-augmentation15.jpg?updatedAt=1779534892304,jpg,51134,https://ik.imagekit.io/ZHONGyuan/ZHONGyuan/L'encre dans la mer/page-augmentation15.jpg,page-augmentation15.jpg,page-augmentation15.jpg,,/ZHONGyuan/L'encre dans la mer/page-augmentation15.jpg,1,"[""https://ik.imagekit.io/ZHONGyuan/ZHONGyuan/L'encre dans la mer/page-augmentation15.jpg""]"
6a118c2b5c7cd75eb87ea45b,File,page-augmentation16.jpg - page-augmentation16.jpg - 01,/ZHONGyuan/L'encre dans la mer/page-augmentation16.jpg,2026-05-23T11:14:51.568Z,https://ik.imagekit.io/ZHONGyuan/ZHONGyuan/L'encre%20dans%20la%20mer/page-augmentation16.jpg?updatedAt=1779534891991,jpg,23193,https://ik.imagekit.io/ZHONGyuan/ZHONGyuan/L'encre dans la mer/page-augmentation16.jpg,page-augmentation16.jpg,page-augmentation16.jpg,,/ZHONGyuan/L'encre dans la mer/page-augmentation16.jpg,1,"[""https://ik.imagekit.io/ZHONGyuan/ZHONGyuan/L'encre dans la mer/page-augmentation16.jpg""]"
6a118c2b5c7cd75eb87ea40e,File,page-augmentation2.jpg - page-augmentation2.jpg - 01,/ZHONGyuan/L'encre dans la mer/page-augmentation2.jpg,2026-05-23T11:14:51.504Z,https://ik.imagekit.io/ZHONGyuan/ZHONGyuan/L'encre%20dans%20la%20mer/page-augmentation2.jpg?updatedAt=1779534891953,jpg,34638,https://ik.imagekit.io/ZHONGyuan/ZHONGyuan/L'encre dans la mer/page-augmentation2.jpg,page-augmentation2.jpg,page-augmentation2.jpg,,/ZHONGyuan/L'encre dans la mer/page-augmentation2.jpg,1,"[""https://ik.imagekit.io/ZHONGyuan/ZHONGyuan/L'encre dans la mer/page-augmentation2.jpg""]"
6a118c2b5c7cd75eb87ea402,File,page-augmentation3.jpg - page-augmentation3.jpg - 01,/ZHONGyuan/L'encre dans la mer/page-augmentation3.jpg,2026-05-23T11:14:51.499Z,https://ik.imagekit.io/ZHONGyuan/ZHONGyuan/L'encre%20dans%20la%20mer/page-augmentation3.jpg?updatedAt=1779534891903,jpg,98524,https://ik.imagekit.io/ZHONGyuan/ZHONGyuan/L'encre dans la mer/page-augmentation3.jpg,page-augmentation3.jpg,page-augmentation3.jpg,,/ZHONGyuan/L'encre dans la mer/page-augmentation3.jpg,1,"[""https://ik.imagekit.io/ZHONGyuan/ZHONGyuan/L'encre dans la mer/page-augmentation3.jpg""]"
6a118c2b5c7cd75eb87ea42d,File,page-augmentation4.jpg - page-augmentation4.jpg - 01,/ZHONGyuan/L'encre dans la mer/page-augmentation4.jpg,2026-05-23T11:14:51.512Z,https://ik.imagekit.io/ZHONGyuan/ZHONGyuan/L'encre%20dans%20la%20mer/page-augmentation4.jpg?updatedAt=1779534891949,jpg,201701,https://ik.imagekit.io/ZHONGyuan/ZHONGyuan/L'encre dans la mer/page-augmentation4.jpg,page-augmentation4.jpg,page-augmentation4.jpg,,/ZHONGyuan/L'encre dans la mer/page-augmentation4.jpg,1,"[""https://ik.imagekit.io/ZHONGyuan/ZHONGyuan/L'encre dans la mer/page-augmentation4.jpg""]"
6a118c2b5c7cd75eb87ea42a,File,page-augmentation5.jpg - page-augmentation5.jpg - 01,/ZHONGyuan/L'encre dans la mer/page-augmentation5.jpg,2026-05-23T11:14:51.514Z,https://ik.imagekit.io/ZHONGyuan/ZHONGyuan/L'encre%20dans%20la%20mer/page-augmentation5.jpg?updatedAt=1779534891916,jpg,85397,https://ik.imagekit.io/ZHONGyuan/ZHONGyuan/L'encre dans la mer/page-augmentation5.jpg,page-augmentation5.jpg,page-augmentation5.jpg,,/ZHONGyuan/L'encre dans la mer/page-augmentation5.jpg,1,"[""https://ik.imagekit.io/ZHONGyuan/ZHONGyuan/L'encre dans la mer/page-augmentation5.jpg""]"
6a118c2b5c7cd75eb87ea40b,File,page-augmentation6.jpg - page-augmentation6.jpg - 01,/ZHONGyuan/L'encre dans la mer/page-augmentation6.jpg,2026-05-23T11:14:51.505Z,https://ik.imagekit.io/ZHONGyuan/ZHONGyuan/L'encre%20dans%20la%20mer/page-augmentation6.jpg?updatedAt=1779534891905,jpg,63855,https://ik.imagekit.io/ZHONGyuan/ZHONGyuan/L'encre dans la mer/page-augmentation6.jpg,page-augmentation6.jpg,page-augmentation6.jpg,,/ZHONGyuan/L'encre dans la mer/page-augmentation6.jpg,1,"[""https://ik.imagekit.io/ZHONGyuan/ZHONGyuan/L'encre dans la mer/page-augmentation6.jpg""]"
6a118c2b5c7cd75eb87ea416,File,page-augmentation7.jpg - page-augmentation7.jpg - 01,/ZHONGyuan/L'encre dans la mer/page-augmentation7.jpg,2026-05-23T11:14:51.508Z,https://ik.imagekit.io/ZHONGyuan/ZHONGyuan/L'encre%20dans%20la%20mer/page-augmentation7.jpg?updatedAt=1779534891915,jpg,77974,https://ik.imagekit.io/ZHONGyuan/ZHONGyuan/L'encre dans la mer/page-augmentation7.jpg,page-augmentation7.jpg,page-augmentation7.jpg,,/ZHONGyuan/L'encre dans la mer/page-augmentation7.jpg,1,"[""https://ik.imagekit.io/ZHONGyuan/ZHONGyuan/L'encre dans la mer/page-augmentation7.jpg""]"
6a118c2b5c7cd75eb87ea426,File,page-augmentation8.jpg - page-augmentation8.jpg - 01,/ZHONGyuan/L'encre dans la mer/page-augmentation8.jpg,2026-05-23T11:14:51.511Z,https://ik.imagekit.io/ZHONGyuan/ZHONGyuan/L'encre%20dans%20la%20mer/page-augmentation8.jpg?updatedAt=1779534891919,jpg,92919,https://ik.imagekit.io/ZHONGyuan/ZHONGyuan/L'encre dans la mer/page-augmentation8.jpg,page-augmentation8.jpg,page-augmentation8.jpg,,/ZHONGyuan/L'encre dans la mer/page-augmentation8.jpg,1,"[""https://ik.imagekit.io/ZHONGyuan/ZHONGyuan/L'encre dans la mer/page-augmentation8.jpg""]"
6a118c2b5c7cd75eb87ea456,File,page-augmentation9.jpg - page-augmentation9.jpg - 01,/ZHONGyuan/L'encre dans la mer/page-augmentation9.jpg,2026-05-23T11:14:51.563Z,https://ik.imagekit.io/ZHONGyuan/ZHONGyuan/L'encre%20dans%20la%20mer/page-augmentation9.jpg?updatedAt=1779534891986,jpg,67149,https://ik.imagekit.io/ZHONGyuan/ZHONGyuan/L'encre dans la mer/page-augmentation9.jpg,page-augmentation9.jpg,page-augmentation9.jpg,,/ZHONGyuan/L'encre dans la mer/page-augmentation9.jpg,1,"[""https://ik.imagekit.io/ZHONGyuan/ZHONGyuan/L'encre dans la mer/page-augmentation9.jpg""]"
6a118c2c5c7cd75eb87ea726,File,璇?01.jpg - 璇?01.jpg - 01,/ZHONGyuan/L'encre dans la mer/璇?01.jpg,2026-05-23T11:14:52.192Z,https://ik.imagekit.io/ZHONGyuan/ZHONGyuan/L'encre%20dans%20la%20mer/%E8%AF%97-01.jpg?updatedAt=1779534892628,jpg,2602643,https://ik.imagekit.io/ZHONGyuan/ZHONGyuan/L'encre dans la mer/璇?01.jpg,璇?01.jpg,璇?01.jpg,,/ZHONGyuan/L'encre dans la mer/璇?01.jpg,1,"[""https://ik.imagekit.io/ZHONGyuan/ZHONGyuan/L'encre dans la mer/璇?01.jpg""]"
6a118c025c7cd75eb87de187,File,IMG_3427.png - IMG_3427.png - 01,/ZHONGyuan/La Tour/IMG_3427.png,2026-05-23T11:14:09.888Z,https://ik.imagekit.io/ZHONGyuan/ZHONGyuan/La%20Tour/IMG_3427.png?updatedAt=1779534850395,png,5156237,https://ik.imagekit.io/ZHONGyuan/ZHONGyuan/La Tour/IMG_3427.png,IMG_3427.png,IMG_3427.png,,/ZHONGyuan/La Tour/IMG_3427.png,1,['https://ik.imagekit.io/ZHONGyuan/ZHONGyuan/La Tour/IMG_3427.png']
6a118c015c7cd75eb87de05d,File,La tour-50a258cef7af4a09be19128c33851455.jpg - La tour-50a258cef7af4a09be19128c33851455.jpg - 01,/ZHONGyuan/La Tour/La tour-50a258cef7af4a09be19128c33851455.jpg,2026-05-23T11:14:09.737Z,https://ik.imagekit.io/ZHONGyuan/ZHONGyuan/La%20Tour/La%20tour-50a258cef7af4a09be19128c33851455.jpg?updatedAt=1779534850150,jpg,22745,https://ik.imagekit.io/ZHONGyuan/ZHONGyuan/La Tour/La tour-50a258cef7af4a09be19128c33851455.jpg,La tour-50a258cef7af4a09be19128c33851455.jpg,La tour-50a258cef7af4a09be19128c33851455.jpg,,/ZHONGyuan/La Tour/La tour-50a258cef7af4a09be19128c33851455.jpg,1,['https://ik.imagekit.io/ZHONGyuan/ZHONGyuan/La Tour/La tour-50a258cef7af4a09be19128c33851455.jpg']
6a118c015c7cd75eb87de0aa,File,La tour.jpg - La tour.jpg - 01,/ZHONGyuan/La Tour/La tour.jpg,2026-05-23T11:14:09.764Z,https://ik.imagekit.io/ZHONGyuan/ZHONGyuan/La%20Tour/La%20tour.jpg?updatedAt=1779534850211,jpg,22745,https://ik.imagekit.io/ZHONGyuan/ZHONGyuan/La Tour/La tour.jpg,La tour.jpg,La tour.jpg,,/ZHONGyuan/La Tour/La tour.jpg,1,['https://ik.imagekit.io/ZHONGyuan/ZHONGyuan/La Tour/La tour.jpg']
6a118c015c7cd75eb87de0a2,File,La tour10.jpg - La tour10.jpg - 01,/ZHONGyuan/La Tour/La tour10.jpg,2026-05-23T11:14:09.762Z,https://ik.imagekit.io/ZHONGyuan/ZHONGyuan/La%20Tour/La%20tour10.jpg?updatedAt=1779534850222,jpg,46172,https://ik.imagekit.io/ZHONGyuan/ZHONGyuan/La Tour/La tour10.jpg,La tour10.jpg,La tour10.jpg,,/ZHONGyuan/La Tour/La tour10.jpg,1,['https://ik.imagekit.io/ZHONGyuan/ZHONGyuan/La Tour/La tour10.jpg']
6a118c015c7cd75eb87de0ac,File,La tour11.jpg - La tour11.jpg - 01,/ZHONGyuan/La Tour/La tour11.jpg,2026-05-23T11:14:09.762Z,https://ik.imagekit.io/ZHONGyuan/ZHONGyuan/La%20Tour/La%20tour11.jpg?updatedAt=1779534850194,jpg,70704,https://ik.imagekit.io/ZHONGyuan/ZHONGyuan/La Tour/La tour11.jpg,La tour11.jpg,La tour11.jpg,,/ZHONGyuan/La Tour/La tour11.jpg,1,['https://ik.imagekit.io/ZHONGyuan/ZHONGyuan/La Tour/La tour11.jpg']
6a118c015c7cd75eb87de09c,File,La tour12.jpg - La tour12.jpg - 01,/ZHONGyuan/La Tour/La tour12.jpg,2026-05-23T11:14:09.766Z,https://ik.imagekit.io/ZHONGyuan/ZHONGyuan/La%20Tour/La%20tour12.jpg?updatedAt=1779534850209,jpg,70320,https://ik.imagekit.io/ZHONGyuan/ZHONGyuan/La Tour/La tour12.jpg,La tour12.jpg,La tour12.jpg,,/ZHONGyuan/La Tour/La tour12.jpg,1,['https://ik.imagekit.io/ZHONGyuan/ZHONGyuan/La Tour/La tour12.jpg']
6a118c015c7cd75eb87de07b,File,La tour13.jpg - La tour13.jpg - 01,/ZHONGyuan/La Tour/La tour13.jpg,2026-05-23T11:14:09.748Z,https://ik.imagekit.io/ZHONGyuan/ZHONGyuan/La%20Tour/La%20tour13.jpg?updatedAt=1779534850159,jpg,71273,https://ik.imagekit.io/ZHONGyuan/ZHONGyuan/La Tour/La tour13.jpg,La tour13.jpg,La tour13.jpg,,/ZHONGyuan/La Tour/La tour13.jpg,1,['https://ik.imagekit.io/ZHONGyuan/ZHONGyuan/La Tour/La tour13.jpg']
6a118c015c7cd75eb87de0c8,File,La tour14.jpg - La tour14.jpg - 01,/ZHONGyuan/La Tour/La tour14.jpg,2026-05-23T11:14:09.773Z,https://ik.imagekit.io/ZHONGyuan/ZHONGyuan/La%20Tour/La%20tour14.jpg?updatedAt=1779534850201,jpg,75549,https://ik.imagekit.io/ZHONGyuan/ZHONGyuan/La Tour/La tour14.jpg,La tour14.jpg,La tour14.jpg,,/ZHONGyuan/La Tour/La tour14.jpg,1,['https://ik.imagekit.io/ZHONGyuan/ZHONGyuan/La Tour/La tour14.jpg']
6a118c015c7cd75eb87de096,File,La tour15.jpg - La tour15.jpg - 01,/ZHONGyuan/La Tour/La tour15.jpg,2026-05-23T11:14:09.763Z,https://ik.imagekit.io/ZHONGyuan/ZHONGyuan/La%20Tour/La%20tour15.jpg?updatedAt=1779534850173,jpg,76322,https://ik.imagekit.io/ZHONGyuan/ZHONGyuan/La Tour/La tour15.jpg,La tour15.jpg,La tour15.jpg,,/ZHONGyuan/La Tour/La tour15.jpg,1,['https://ik.imagekit.io/ZHONGyuan/ZHONGyuan/La Tour/La tour15.jpg']
6a118c015c7cd75eb87de093,File,La tour16.jpg - La tour16.jpg - 01,/ZHONGyuan/La Tour/La tour16.jpg,2026-05-23T11:14:09.763Z,https://ik.imagekit.io/ZHONGyuan/ZHONGyuan/La%20Tour/La%20tour16.jpg?updatedAt=1779534850196,jpg,65464,https://ik.imagekit.io/ZHONGyuan/ZHONGyuan/La Tour/La tour16.jpg,La tour16.jpg,La tour16.jpg,,/ZHONGyuan/La Tour/La tour16.jpg,1,['https://ik.imagekit.io/ZHONGyuan/ZHONGyuan/La Tour/La tour16.jpg']
6a118c015c7cd75eb87de0c3,File,La tour17.jpg - La tour17.jpg - 01,/ZHONGyuan/La Tour/La tour17.jpg,2026-05-23T11:14:09.768Z,https://ik.imagekit.io/ZHONGyuan/ZHONGyuan/La%20Tour/La%20tour17.jpg?updatedAt=1779534850206,jpg,38581,https://ik.imagekit.io/ZHONGyuan/ZHONGyuan/La Tour/La tour17.jpg,La tour17.jpg,La tour17.jpg,,/ZHONGyuan/La Tour/La tour17.jpg,1,['https://ik.imagekit.io/ZHONGyuan/ZHONGyuan/La Tour/La tour17.jpg']
6a118c015c7cd75eb87ddecc,File,La tour18.jpg - La tour18.jpg - 01,/ZHONGyuan/La Tour/La tour18.jpg,2026-05-23T11:14:09.454Z,https://ik.imagekit.io/ZHONGyuan/ZHONGyuan/La%20Tour/La%20tour18.jpg?updatedAt=1779534849856,jpg,37665,https://ik.imagekit.io/ZHONGyuan/ZHONGyuan/La Tour/La tour18.jpg,La tour18.jpg,La tour18.jpg,,/ZHONGyuan/La Tour/La tour18.jpg,1,['https://ik.imagekit.io/ZHONGyuan/ZHONGyuan/La Tour/La tour18.jpg']
6a118c015c7cd75eb87ddfc6,File,La tour19.jpg - La tour19.jpg - 01,/ZHONGyuan/La Tour/La tour19.jpg,2026-05-23T11:14:09.644Z,https://ik.imagekit.io/ZHONGyuan/ZHONGyuan/La%20Tour/La%20tour19.jpg?updatedAt=1779534850043,jpg,32999,https://ik.imagekit.io/ZHONGyuan/ZHONGyuan/La Tour/La tour19.jpg,La tour19.jpg,La tour19.jpg,,/ZHONGyuan/La Tour/La tour19.jpg,1,['https://ik.imagekit.io/ZHONGyuan/ZHONGyuan/La Tour/La tour19.jpg']
6a118c015c7cd75eb87de04e,File,La tour2.jpg - La tour2.jpg - 01,/ZHONGyuan/La Tour/La tour2.jpg,2026-05-23T11:14:09.728Z,https://ik.imagekit.io/ZHONGyuan/ZHONGyuan/La%20Tour/La%20tour2.jpg?updatedAt=1779534850127,jpg,28180,https://ik.imagekit.io/ZHONGyuan/ZHONGyuan/La Tour/La tour2.jpg,La tour2.jpg,La tour2.jpg,,/ZHONGyuan/La Tour/La tour2.jpg,1,['https://ik.imagekit.io/ZHONGyuan/ZHONGyuan/La Tour/La tour2.jpg']
6a118c015c7cd75eb87ddfbd,File,La tour20.jpg - La tour20.jpg - 01,/ZHONGyuan/La Tour/La tour20.jpg,2026-05-23T11:14:09.636Z,https://ik.imagekit.io/ZHONGyuan/ZHONGyuan/La%20Tour/La%20tour20.jpg?updatedAt=1779534850040,jpg,24138,https://ik.imagekit.io/ZHONGyuan/ZHONGyuan/La Tour/La tour20.jpg,La tour20.jpg,La tour20.jpg,,/ZHONGyuan/La Tour/La tour20.jpg,1,['https://ik.imagekit.io/ZHONGyuan/ZHONGyuan/La Tour/La tour20.jpg']
6a118c015c7cd75eb87de017,File,La tour21.jpg - La tour21.jpg - 01,/ZHONGyuan/La Tour/La tour21.jpg,2026-05-23T11:14:09.678Z,https://ik.imagekit.io/ZHONGyuan/ZHONGyuan/La%20Tour/La%20tour21.jpg?updatedAt=1779534850115,jpg,31262,https://ik.imagekit.io/ZHONGyuan/ZHONGyuan/La Tour/La tour21.jpg,La tour21.jpg,La tour21.jpg,,/ZHONGyuan/La Tour/La tour21.jpg,1,['https://ik.imagekit.io/ZHONGyuan/ZHONGyuan/La Tour/La tour21.jpg']
6a118c015c7cd75eb87ddff7,File,La tour22.jpg - La tour22.jpg - 01,/ZHONGyuan/La Tour/La tour22.jpg,2026-05-23T11:14:09.665Z,https://ik.imagekit.io/ZHONGyuan/ZHONGyuan/La%20Tour/La%20tour22.jpg?updatedAt=1779534850083,jpg,25928,https://ik.imagekit.io/ZHONGyuan/ZHONGyuan/La Tour/La tour22.jpg,La tour22.jpg,La tour22.jpg,,/ZHONGyuan/La Tour/La tour22.jpg,1,['https://ik.imagekit.io/ZHONGyuan/ZHONGyuan/La Tour/La tour22.jpg']
6a118c015c7cd75eb87ddfd1,File,La tour23.jpg - La tour23.jpg - 01,/ZHONGyuan/La Tour/La tour23.jpg,2026-05-23T11:14:09.647Z,https://ik.imagekit.io/ZHONGyuan/ZHONGyuan/La%20Tour/La%20tour23.jpg?updatedAt=1779534850045,jpg,21191,https://ik.imagekit.io/ZHONGyuan/ZHONGyuan/La Tour/La tour23.jpg,La tour23.jpg,La tour23.jpg,,/ZHONGyuan/La Tour/La tour23.jpg,1,['https://ik.imagekit.io/ZHONGyuan/ZHONGyuan/La Tour/La tour23.jpg']
6a118c015c7cd75eb87ddfd7,File,La tour24.jpg - La tour24.jpg - 01,/ZHONGyuan/La Tour/La tour24.jpg,2026-05-23T11:14:09.650Z,https://ik.imagekit.io/ZHONGyuan/ZHONGyuan/La%20Tour/La%20tour24.jpg?updatedAt=1779534850051,jpg,24709,https://ik.imagekit.io/ZHONGyuan/ZHONGyuan/La Tour/La tour24.jpg,La tour24.jpg,La tour24.jpg,,/ZHONGyuan/La Tour/La tour24.jpg,1,['https://ik.imagekit.io/ZHONGyuan/ZHONGyuan/La Tour/La tour24.jpg']
6a118c015c7cd75eb87de066,File,La tour25.jpg - La tour25.jpg - 01,/ZHONGyuan/La Tour/La tour25.jpg,2026-05-23T11:14:09.736Z,https://ik.imagekit.io/ZHONGyuan/ZHONGyuan/La%20Tour/La%20tour25.jpg?updatedAt=1779534850153,jpg,27957,https://ik.imagekit.io/ZHONGyuan/ZHONGyuan/La Tour/La tour25.jpg,La tour25.jpg,La tour25.jpg,,/ZHONGyuan/La Tour/La tour25.jpg,1,['https://ik.imagekit.io/ZHONGyuan/ZHONGyuan/La Tour/La tour25.jpg']
6a118c015c7cd75eb87de03e,File,La tour26.jpg - La tour26.jpg - 01,/ZHONGyuan/La Tour/La tour26.jpg,2026-05-23T11:14:09.712Z,https://ik.imagekit.io/ZHONGyuan/ZHONGyuan/La%20Tour/La%20tour26.jpg?updatedAt=1779534850138,jpg,29426,https://ik.imagekit.io/ZHONGyuan/ZHONGyuan/La Tour/La tour26.jpg,La tour26.jpg,La tour26.jpg,,/ZHONGyuan/La Tour/La tour26.jpg,1,['https://ik.imagekit.io/ZHONGyuan/ZHONGyuan/La Tour/La tour26.jpg']
6a118c015c7cd75eb87de03b,File,La tour27.jpg - La tour27.jpg - 01,/ZHONGyuan/La Tour/La tour27.jpg,2026-05-23T11:14:09.709Z,https://ik.imagekit.io/ZHONGyuan/ZHONGyuan/La%20Tour/La%20tour27.jpg?updatedAt=1779534850138,jpg,31372,https://ik.imagekit.io/ZHONGyuan/ZHONGyuan/La Tour/La tour27.jpg,La tour27.jpg,La tour27.jpg,,/ZHONGyuan/La Tour/La tour27.jpg,1,['https://ik.imagekit.io/ZHONGyuan/ZHONGyuan/La Tour/La tour27.jpg']
6a118c015c7cd75eb87ddff2,File,La tour28.jpg - La tour28.jpg - 01,/ZHONGyuan/La Tour/La tour28.jpg,2026-05-23T11:14:09.665Z,https://ik.imagekit.io/ZHONGyuan/ZHONGyuan/La%20Tour/La%20tour28.jpg?updatedAt=1779534850080,jpg,25845,https://ik.imagekit.io/ZHONGyuan/ZHONGyuan/La Tour/La tour28.jpg,La tour28.jpg,La tour28.jpg,,/ZHONGyuan/La Tour/La tour28.jpg,1,['https://ik.imagekit.io/ZHONGyuan/ZHONGyuan/La Tour/La tour28.jpg']
6a118c015c7cd75eb87de024,File,La tour29.jpg - La tour29.jpg - 01,/ZHONGyuan/La Tour/La tour29.jpg,2026-05-23T11:14:09.690Z,https://ik.imagekit.io/ZHONGyuan/ZHONGyuan/La%20Tour/La%20tour29.jpg?updatedAt=1779534850116,jpg,24406,https://ik.imagekit.io/ZHONGyuan/ZHONGyuan/La Tour/La tour29.jpg,La tour29.jpg,La tour29.jpg,,/ZHONGyuan/La Tour/La tour29.jpg,1,['https://ik.imagekit.io/ZHONGyuan/ZHONGyuan/La Tour/La tour29.jpg']
6a118c015c7cd75eb87de052,File,La tour3.jpg - La tour3.jpg - 01,/ZHONGyuan/La Tour/La tour3.jpg,2026-05-23T11:14:09.729Z,https://ik.imagekit.io/ZHONGyuan/ZHONGyuan/La%20Tour/La%20tour3.jpg?updatedAt=1779534850145,jpg,20448,https://ik.imagekit.io/ZHONGyuan/ZHONGyuan/La Tour/La tour3.jpg,La tour3.jpg,La tour3.jpg,,/ZHONGyuan/La Tour/La tour3.jpg,1,['https://ik.imagekit.io/ZHONGyuan/ZHONGyuan/La Tour/La tour3.jpg']
6a118c015c7cd75eb87de01b,File,La tour30.jpg - La tour30.jpg - 01,/ZHONGyuan/La Tour/La tour30.jpg,2026-05-23T11:14:09.688Z,https://ik.imagekit.io/ZHONGyuan/ZHONGyuan/La%20Tour/La%20tour30.jpg?updatedAt=1779534850086,jpg,20011,https://ik.imagekit.io/ZHONGyuan/ZHONGyuan/La Tour/La tour30.jpg,La tour30.jpg,La tour30.jpg,,/ZHONGyuan/La Tour/La tour30.jpg,1,['https://ik.imagekit.io/ZHONGyuan/ZHONGyuan/La Tour/La tour30.jpg']
6a118c015c7cd75eb87de025,File,La tour31.jpg - La tour31.jpg - 01,/ZHONGyuan/La Tour/La tour31.jpg,2026-05-23T11:14:09.692Z,https://ik.imagekit.io/ZHONGyuan/ZHONGyuan/La%20Tour/La%20tour31.jpg?updatedAt=1779534850086,jpg,20031,https://ik.imagekit.io/ZHONGyuan/ZHONGyuan/La Tour/La tour31.jpg,La tour31.jpg,La tour31.jpg,,/ZHONGyuan/La Tour/La tour31.jpg,1,['https://ik.imagekit.io/ZHONGyuan/ZHONGyuan/La Tour/La tour31.jpg']
6a118c015c7cd75eb87de055,File,La tour32.jpg - La tour32.jpg - 01,/ZHONGyuan/La Tour/La tour32.jpg,2026-05-23T11:14:09.730Z,https://ik.imagekit.io/ZHONGyuan/ZHONGyuan/La%20Tour/La%20tour32.jpg?updatedAt=1779534850173,jpg,20001,https://ik.imagekit.io/ZHONGyuan/ZHONGyuan/La Tour/La tour32.jpg,La tour32.jpg,La tour32.jpg,,/ZHONGyuan/La Tour/La tour32.jpg,1,['https://ik.imagekit.io/ZHONGyuan/ZHONGyuan/La Tour/La tour32.jpg']
6a118c015c7cd75eb87ddfeb,File,La tour33.jpg - La tour33.jpg - 01,/ZHONGyuan/La Tour/La tour33.jpg,2026-05-23T11:14:09.663Z,https://ik.imagekit.io/ZHONGyuan/ZHONGyuan/La%20Tour/La%20tour33.jpg?updatedAt=1779534850065,jpg,19839,https://ik.imagekit.io/ZHONGyuan/ZHONGyuan/La Tour/La tour33.jpg,La tour33.jpg,La tour33.jpg,,/ZHONGyuan/La Tour/La tour33.jpg,1,['https://ik.imagekit.io/ZHONGyuan/ZHONGyuan/La Tour/La tour33.jpg']
6a118c015c7cd75eb87de029,File,La tour34.jpg - La tour34.jpg - 01,/ZHONGyuan/La Tour/La tour34.jpg,2026-05-23T11:14:09.694Z,https://ik.imagekit.io/ZHONGyuan/ZHONGyuan/La%20Tour/La%20tour34.jpg?updatedAt=1779534850088,jpg,18605,https://ik.imagekit.io/ZHONGyuan/ZHONGyuan/La Tour/La tour34.jpg,La tour34.jpg,La tour34.jpg,,/ZHONGyuan/La Tour/La tour34.jpg,1,['https://ik.imagekit.io/ZHONGyuan/ZHONGyuan/La Tour/La tour34.jpg']
6a118c015c7cd75eb87de08f,File,La tour35.jpg - La tour35.jpg - 01,/ZHONGyuan/La Tour/La tour35.jpg,2026-05-23T11:14:09.761Z,https://ik.imagekit.io/ZHONGyuan/ZHONGyuan/La%20Tour/La%20tour35.jpg?updatedAt=1779534850175,jpg,20142,https://ik.imagekit.io/ZHONGyuan/ZHONGyuan/La Tour/La tour35.jpg,La tour35.jpg,La tour35.jpg,,/ZHONGyuan/La Tour/La tour35.jpg,1,['https://ik.imagekit.io/ZHONGyuan/ZHONGyuan/La Tour/La tour35.jpg']
6a118c015c7cd75eb87de050,File,La tour36.jpg - La tour36.jpg - 01,/ZHONGyuan/La Tour/La tour36.jpg,2026-05-23T11:14:09.728Z,https://ik.imagekit.io/ZHONGyuan/ZHONGyuan/La%20Tour/La%20tour36.jpg?updatedAt=1779534850125,jpg,21233,https://ik.imagekit.io/ZHONGyuan/ZHONGyuan/La Tour/La tour36.jpg,La tour36.jpg,La tour36.jpg,,/ZHONGyuan/La Tour/La tour36.jpg,1,['https://ik.imagekit.io/ZHONGyuan/ZHONGyuan/La Tour/La tour36.jpg']
6a118c015c7cd75eb87de061,File,La tour4.jpg - La tour4.jpg - 01,/ZHONGyuan/La Tour/La tour4.jpg,2026-05-23T11:14:09.734Z,https://ik.imagekit.io/ZHONGyuan/ZHONGyuan/La%20Tour/La%20tour4.jpg?updatedAt=1779534850142,jpg,27189,https://ik.imagekit.io/ZHONGyuan/ZHONGyuan/La Tour/La tour4.jpg,La tour4.jpg,La tour4.jpg,,/ZHONGyuan/La Tour/La tour4.jpg,1,['https://ik.imagekit.io/ZHONGyuan/ZHONGyuan/La Tour/La tour4.jpg']
6a118c015c7cd75eb87de06c,File,La tour5.jpg - La tour5.jpg - 01,/ZHONGyuan/La Tour/La tour5.jpg,2026-05-23T11:14:09.741Z,https://ik.imagekit.io/ZHONGyuan/ZHONGyuan/La%20Tour/La%20tour5.jpg?updatedAt=1779534850186,jpg,20299,https://ik.imagekit.io/ZHONGyuan/ZHONGyuan/La Tour/La tour5.jpg,La tour5.jpg,La tour5.jpg,,/ZHONGyuan/La Tour/La tour5.jpg,1,['https://ik.imagekit.io/ZHONGyuan/ZHONGyuan/La Tour/La tour5.jpg']
6a118c015c7cd75eb87de085,File,La tour6.jpg - La tour6.jpg - 01,/ZHONGyuan/La Tour/La tour6.jpg,2026-05-23T11:14:09.754Z,https://ik.imagekit.io/ZHONGyuan/ZHONGyuan/La%20Tour/La%20tour6.jpg?updatedAt=1779534850175,jpg,77725,https://ik.imagekit.io/ZHONGyuan/ZHONGyuan/La Tour/La tour6.jpg,La tour6.jpg,La tour6.jpg,,/ZHONGyuan/La Tour/La tour6.jpg,1,['https://ik.imagekit.io/ZHONGyuan/ZHONGyuan/La Tour/La tour6.jpg']
6a118c015c7cd75eb87de094,File,La tour7.jpg - La tour7.jpg - 01,/ZHONGyuan/La Tour/La tour7.jpg,2026-05-23T11:14:09.761Z,https://ik.imagekit.io/ZHONGyuan/ZHONGyuan/La%20Tour/La%20tour7.jpg?updatedAt=1779534850186,jpg,46533,https://ik.imagekit.io/ZHONGyuan/ZHONGyuan/La Tour/La tour7.jpg,La tour7.jpg,La tour7.jpg,,/ZHONGyuan/La Tour/La tour7.jpg,1,['https://ik.imagekit.io/ZHONGyuan/ZHONGyuan/La Tour/La tour7.jpg']
6a118c015c7cd75eb87de082,File,La tour8.jpg - La tour8.jpg - 01,/ZHONGyuan/La Tour/La tour8.jpg,2026-05-23T11:14:09.755Z,https://ik.imagekit.io/ZHONGyuan/ZHONGyuan/La%20Tour/La%20tour8.jpg?updatedAt=1779534850170,jpg,62351,https://ik.imagekit.io/ZHONGyuan/ZHONGyuan/La Tour/La tour8.jpg,La tour8.jpg,La tour8.jpg,,/ZHONGyuan/La Tour/La tour8.jpg,1,['https://ik.imagekit.io/ZHONGyuan/ZHONGyuan/La Tour/La tour8.jpg']
6a118c015c7cd75eb87de0bb,File,La tour9.jpg - La tour9.jpg - 01,/ZHONGyuan/La Tour/La tour9.jpg,2026-05-23T11:14:09.766Z,https://ik.imagekit.io/ZHONGyuan/ZHONGyuan/La%20Tour/La%20tour9.jpg?updatedAt=1779534850200,jpg,71507,https://ik.imagekit.io/ZHONGyuan/ZHONGyuan/La Tour/La tour9.jpg,La tour9.jpg,La tour9.jpg,,/ZHONGyuan/La Tour/La tour9.jpg,1,['https://ik.imagekit.io/ZHONGyuan/ZHONGyuan/La Tour/La tour9.jpg']
6a118c565c7cd75eb87f67ec,File,799E635A7F74993B462AC3C83103FD06.png - 799E635A7F74993B462AC3C83103FD06.png - 01,/ZHONGyuan/Logo/799E635A7F74993B462AC3C83103FD06.png,2026-05-23T11:15:33.908Z,https://ik.imagekit.io/ZHONGyuan/ZHONGyuan/Logo/799E635A7F74993B462AC3C83103FD06.png?updatedAt=1779534934342,jpg,1517432,https://ik.imagekit.io/ZHONGyuan/ZHONGyuan/Logo/799E635A7F74993B462AC3C83103FD06.png,799E635A7F74993B462AC3C83103FD06.png,799E635A7F74993B462AC3C83103FD06.png,,/ZHONGyuan/Logo/799E635A7F74993B462AC3C83103FD06.png,1,['https://ik.imagekit.io/ZHONGyuan/ZHONGyuan/Logo/799E635A7F74993B462AC3C83103FD06.png']
6a118c555c7cd75eb87f6780,File,EART-01.jpg - EART-01.jpg - 01,/ZHONGyuan/Logo/EART-01.jpg,2026-05-23T11:15:33.836Z,https://ik.imagekit.io/ZHONGyuan/ZHONGyuan/Logo/EART-01.jpg?updatedAt=1779534934257,jpg,478103,https://ik.imagekit.io/ZHONGyuan/ZHONGyuan/Logo/EART-01.jpg,EART-01.jpg,EART-01.jpg,,/ZHONGyuan/Logo/EART-01.jpg,1,['https://ik.imagekit.io/ZHONGyuan/ZHONGyuan/Logo/EART-01.jpg']
6a118c555c7cd75eb87f6718,File,LOGOPH.jpg - LOGOPH.jpg - 01,/ZHONGyuan/Logo/LOGOPH.jpg,2026-05-23T11:15:33.801Z,https://ik.imagekit.io/ZHONGyuan/ZHONGyuan/Logo/LOGOPH.jpg?updatedAt=1779534934225,jpg,109920,https://ik.imagekit.io/ZHONGyuan/ZHONGyuan/Logo/LOGOPH.jpg,LOGOPH.jpg,LOGOPH.jpg,,/ZHONGyuan/Logo/LOGOPH.jpg,1,['https://ik.imagekit.io/ZHONGyuan/ZHONGyuan/Logo/LOGOPH.jpg']
6a118c565c7cd75eb87f67be,File,LT_VISUAL_IDENTITY-02.png - LT_VISUAL_IDENTITY-02.png - 01,/ZHONGyuan/Logo/LT_VISUAL_IDENTITY-02.png,2026-05-23T11:15:33.863Z,https://ik.imagekit.io/ZHONGyuan/ZHONGyuan/Logo/LT_VISUAL_IDENTITY-02.png?updatedAt=1779534934383,png,656170,https://ik.imagekit.io/ZHONGyuan/ZHONGyuan/Logo/LT_VISUAL_IDENTITY-02.png,LT_VISUAL_IDENTITY-02.png,LT_VISUAL_IDENTITY-02.png,,/ZHONGyuan/Logo/LT_VISUAL_IDENTITY-02.png,1,['https://ik.imagekit.io/ZHONGyuan/ZHONGyuan/Logo/LT_VISUAL_IDENTITY-02.png']
6a118c555c7cd75eb87f67ac,File,LT_VISUAL_IDENTITY-03.png - LT_VISUAL_IDENTITY-03.png - 01,/ZHONGyuan/Logo/LT_VISUAL_IDENTITY-03.png,2026-05-23T11:15:33.858Z,https://ik.imagekit.io/ZHONGyuan/ZHONGyuan/Logo/LT_VISUAL_IDENTITY-03.png?updatedAt=1779534934435,png,391557,https://ik.imagekit.io/ZHONGyuan/ZHONGyuan/Logo/LT_VISUAL_IDENTITY-03.png,LT_VISUAL_IDENTITY-03.png,LT_VISUAL_IDENTITY-03.png,,/ZHONGyuan/Logo/LT_VISUAL_IDENTITY-03.png,1,['https://ik.imagekit.io/ZHONGyuan/ZHONGyuan/Logo/LT_VISUAL_IDENTITY-03.png']
6a118c555c7cd75eb87f6563,File,LT_VISUAL_IDENTITY-04.png - LT_VISUAL_IDENTITY-04.png - 01,/ZHONGyuan/Logo/LT_VISUAL_IDENTITY-04.png,2026-05-23T11:15:33.567Z,https://ik.imagekit.io/ZHONGyuan/ZHONGyuan/Logo/LT_VISUAL_IDENTITY-04.png?updatedAt=1779534934156,png,417899,https://ik.imagekit.io/ZHONGyuan/ZHONGyuan/Logo/LT_VISUAL_IDENTITY-04.png,LT_VISUAL_IDENTITY-04.png,LT_VISUAL_IDENTITY-04.png,,/ZHONGyuan/Logo/LT_VISUAL_IDENTITY-04.png,1,['https://ik.imagekit.io/ZHONGyuan/ZHONGyuan/Logo/LT_VISUAL_IDENTITY-04.png']
6a118c555c7cd75eb87f6663,File,LT_VISUAL_IDENTITY-05.png - LT_VISUAL_IDENTITY-05.png - 01,/ZHONGyuan/Logo/LT_VISUAL_IDENTITY-05.png,2026-05-23T11:15:33.712Z,https://ik.imagekit.io/ZHONGyuan/ZHONGyuan/Logo/LT_VISUAL_IDENTITY-05.png?updatedAt=1779534934239,png,402582,https://ik.imagekit.io/ZHONGyuan/ZHONGyuan/Logo/LT_VISUAL_IDENTITY-05.png,LT_VISUAL_IDENTITY-05.png,LT_VISUAL_IDENTITY-05.png,,/ZHONGyuan/Logo/LT_VISUAL_IDENTITY-05.png,1,['https://ik.imagekit.io/ZHONGyuan/ZHONGyuan/Logo/LT_VISUAL_IDENTITY-05.png']
6a118c555c7cd75eb87f65c9,File,LT_VISUAL_IDENTITY-06.png - LT_VISUAL_IDENTITY-06.png - 01,/ZHONGyuan/Logo/LT_VISUAL_IDENTITY-06.png,2026-05-23T11:15:33.610Z,https://ik.imagekit.io/ZHONGyuan/ZHONGyuan/Logo/LT_VISUAL_IDENTITY-06.png?updatedAt=1779534934230,png,121708,https://ik.imagekit.io/ZHONGyuan/ZHONGyuan/Logo/LT_VISUAL_IDENTITY-06.png,LT_VISUAL_IDENTITY-06.png,LT_VISUAL_IDENTITY-06.png,,/ZHONGyuan/Logo/LT_VISUAL_IDENTITY-06.png,1,['https://ik.imagekit.io/ZHONGyuan/ZHONGyuan/Logo/LT_VISUAL_IDENTITY-06.png']
6a118c555c7cd75eb87f679a,File,LT_VISUAL_IDENTITY_鐢绘澘 1.png - LT_VISUAL_IDENTITY_鐢绘澘 1.png - 01,/ZHONGyuan/Logo/LT_VISUAL_IDENTITY_鐢绘澘 1.png,2026-05-23T11:15:33.848Z,https://ik.imagekit.io/ZHONGyuan/ZHONGyuan/Logo/LT_VISUAL_IDENTITY_%E7%94%BB%E6%9D%BF%201.png?updatedAt=1779534934382,png,435548,https://ik.imagekit.io/ZHONGyuan/ZHONGyuan/Logo/LT_VISUAL_IDENTITY_鐢绘澘 1.png,LT_VISUAL_IDENTITY_鐢绘澘 1.png,LT_VISUAL_IDENTITY_鐢绘澘 1.png,,/ZHONGyuan/Logo/LT_VISUAL_IDENTITY_鐢绘澘 1.png,1,['https://ik.imagekit.io/ZHONGyuan/ZHONGyuan/Logo/LT_VISUAL_IDENTITY_鐢绘澘 1.png']
6a118c565c7cd75eb87f67d2,File,MOCOF-01.jpg - MOCOF-01.jpg - 01,/ZHONGyuan/Logo/MOCOF-01.jpg,2026-05-23T11:15:33.878Z,https://ik.imagekit.io/ZHONGyuan/ZHONGyuan/Logo/MOCOF-01.jpg?updatedAt=1779534934307,jpg,856339,https://ik.imagekit.io/ZHONGyuan/ZHONGyuan/Logo/MOCOF-01.jpg,MOCOF-01.jpg,MOCOF-01.jpg,,/ZHONGyuan/Logo/MOCOF-01.jpg,1,['https://ik.imagekit.io/ZHONGyuan/ZHONGyuan/Logo/MOCOF-01.jpg']
6a118c555c7cd75eb87f65df,File,PV-01.jpg - PV-01.jpg - 01,/ZHONGyuan/Logo/PV-01.jpg,2026-05-23T11:15:33.628Z,https://ik.imagekit.io/ZHONGyuan/ZHONGyuan/Logo/PV-01.jpg?updatedAt=1779534934056,jpg,388003,https://ik.imagekit.io/ZHONGyuan/ZHONGyuan/Logo/PV-01.jpg,PV-01.jpg,PV-01.jpg,,/ZHONGyuan/Logo/PV-01.jpg,1,['https://ik.imagekit.io/ZHONGyuan/ZHONGyuan/Logo/PV-01.jpg']
6a118c555c7cd75eb87f667c,File,PV_Galerie.jpg - PV_Galerie.jpg - 01,/ZHONGyuan/Logo/PV_Galerie.jpg,2026-05-23T11:15:33.720Z,https://ik.imagekit.io/ZHONGyuan/ZHONGyuan/Logo/PV_Galerie.jpg?updatedAt=1779534934146,jpg,96200,https://ik.imagekit.io/ZHONGyuan/ZHONGyuan/Logo/PV_Galerie.jpg,PV_Galerie.jpg,PV_Galerie.jpg,,/ZHONGyuan/Logo/PV_Galerie.jpg,1,['https://ik.imagekit.io/ZHONGyuan/ZHONGyuan/Logo/PV_Galerie.jpg']
6a118c555c7cd75eb87f666e,File,PV_loft.jpg - PV_loft.jpg - 01,/ZHONGyuan/Logo/PV_loft.jpg,2026-05-23T11:15:33.711Z,https://ik.imagekit.io/ZHONGyuan/ZHONGyuan/Logo/PV_loft.jpg?updatedAt=1779534934124,jpg,84843,https://ik.imagekit.io/ZHONGyuan/ZHONGyuan/Logo/PV_loft.jpg,PV_loft.jpg,PV_loft.jpg,,/ZHONGyuan/Logo/PV_loft.jpg,1,['https://ik.imagekit.io/ZHONGyuan/ZHONGyuan/Logo/PV_loft.jpg']
6a118c565c7cd75eb87f67c1,File,QQ鎴浘20181108145621.png - QQ鎴浘20181108145621.png - 01,/ZHONGyuan/Logo/QQ鎴浘20181108145621.png,2026-05-23T11:15:33.855Z,https://ik.imagekit.io/ZHONGyuan/ZHONGyuan/Logo/QQ%E6%88%AA%E5%9B%BE20181108145621.png?updatedAt=1779534934326,png,421278,https://ik.imagekit.io/ZHONGyuan/ZHONGyuan/Logo/QQ鎴浘20181108145621.png,QQ鎴浘20181108145621.png,QQ鎴浘20181108145621.png,,/ZHONGyuan/Logo/QQ鎴浘20181108145621.png,1,['https://ik.imagekit.io/ZHONGyuan/ZHONGyuan/Logo/QQ鎴浘20181108145621.png']
6a118c555c7cd75eb87f66d7,File,QQ鎴浘20181108145658.png - QQ鎴浘20181108145658.png - 01,/ZHONGyuan/Logo/QQ鎴浘20181108145658.png,2026-05-23T11:15:33.774Z,https://ik.imagekit.io/ZHONGyuan/ZHONGyuan/Logo/QQ%E6%88%AA%E5%9B%BE20181108145658.png?updatedAt=1779534934213,png,147958,https://ik.imagekit.io/ZHONGyuan/ZHONGyuan/Logo/QQ鎴浘20181108145658.png,QQ鎴浘20181108145658.png,QQ鎴浘20181108145658.png,,/ZHONGyuan/Logo/QQ鎴浘20181108145658.png,1,['https://ik.imagekit.io/ZHONGyuan/ZHONGyuan/Logo/QQ鎴浘20181108145658.png']
6a118c555c7cd75eb87f66b1,File,QQ鎴浘20181108145721.png - QQ鎴浘20181108145721.png - 01,/ZHONGyuan/Logo/QQ鎴浘20181108145721.png,2026-05-23T11:15:33.753Z,https://ik.imagekit.io/ZHONGyuan/ZHONGyuan/Logo/QQ%E6%88%AA%E5%9B%BE20181108145721.png?updatedAt=1779534934194,png,131100,https://ik.imagekit.io/ZHONGyuan/ZHONGyuan/Logo/QQ鎴浘20181108145721.png,QQ鎴浘20181108145721.png,QQ鎴浘20181108145721.png,,/ZHONGyuan/Logo/QQ鎴浘20181108145721.png,1,['https://ik.imagekit.io/ZHONGyuan/ZHONGyuan/Logo/QQ鎴浘20181108145721.png']
6a118c565c7cd75eb87f67e0,File,ZO-01.jpg - ZO-01.jpg - 01,/ZHONGyuan/Logo/ZO-01.jpg,2026-05-23T11:15:33.876Z,https://ik.imagekit.io/ZHONGyuan/ZHONGyuan/Logo/ZO-01.jpg?updatedAt=1779534934316,jpg,623416,https://ik.imagekit.io/ZHONGyuan/ZHONGyuan/Logo/ZO-01.jpg,ZO-01.jpg,ZO-01.jpg,,/ZHONGyuan/Logo/ZO-01.jpg,1,['https://ik.imagekit.io/ZHONGyuan/ZHONGyuan/Logo/ZO-01.jpg']
6a118c555c7cd75eb87f6646,File,ZO.png - ZO.png - 01,/ZHONGyuan/Logo/ZO.png,2026-05-23T11:15:33.704Z,https://ik.imagekit.io/ZHONGyuan/ZHONGyuan/Logo/ZO.png?updatedAt=1779534934221,png,52888,https://ik.imagekit.io/ZHONGyuan/ZHONGyuan/Logo/ZO.png,ZO.png,ZO.png,,/ZHONGyuan/Logo/ZO.png,1,['https://ik.imagekit.io/ZHONGyuan/ZHONGyuan/Logo/ZO.png']
6a118c6c5c7cd75eb87fd4fa,File,zo logo_鐢绘澘 1.png - zo logo_鐢绘澘 1.png - 01,/ZHONGyuan/Logo/zo logo_鐢绘澘 1.png,2026-05-23T11:15:56.052Z,https://ik.imagekit.io/ZHONGyuan/ZHONGyuan/Logo/zo%20logo_%E7%94%BB%E6%9D%BF%201.png?updatedAt=1779534956783,png,191296,https://ik.imagekit.io/ZHONGyuan/ZHONGyuan/Logo/zo logo_鐢绘澘 1.png,zo logo_鐢绘澘 1.png,zo logo_鐢绘澘 1.png,,/ZHONGyuan/Logo/zo logo_鐢绘澘 1.png,1,['https://ik.imagekit.io/ZHONGyuan/ZHONGyuan/Logo/zo logo_鐢绘澘 1.png']
6a118c555c7cd75eb87f663e,File,閽熸簮涔嬪嵃.jpg - 閽熸簮涔嬪嵃.jpg - 01,/ZHONGyuan/Logo/閽熸簮涔嬪嵃.jpg,2026-05-23T11:15:33.694Z,https://ik.imagekit.io/ZHONGyuan/ZHONGyuan/Logo/%E9%92%9F%E6%BA%90%E4%B9%8B%E5%8D%B0.jpg?updatedAt=1779534934111,jpg,66151,https://ik.imagekit.io/ZHONGyuan/ZHONGyuan/Logo/閽熸簮涔嬪嵃.jpg,閽熸簮涔嬪嵃.jpg,閽熸簮涔嬪嵃.jpg,,/ZHONGyuan/Logo/閽熸簮涔嬪嵃.jpg,1,['https://ik.imagekit.io/ZHONGyuan/ZHONGyuan/Logo/閽熸簮涔嬪嵃.jpg']
6a11905f5c7cd75eb894491d,File,cube.p8.png - cube.p8.png - 01,/ZHONGyuan/PICO8/cube.p8.png,2026-05-23T11:32:47.203Z,https://ik.imagekit.io/ZHONGyuan/ZHONGyuan/PICO8/cube.p8.png?updatedAt=1779535967612,png,4417,https://ik.imagekit.io/ZHONGyuan/ZHONGyuan/PICO8/cube.p8.png,cube.p8.png,cube.p8.png,,/ZHONGyuan/PICO8/cube.p8.png,1,['https://ik.imagekit.io/ZHONGyuan/ZHONGyuan/PICO8/cube.p8.png']
6a11905f5c7cd75eb8944923,File,graphique_pixels_yuan-f7890bd6f9c44e0398a9be62f0afd789.png - graphique_pixels_yuan-f7890bd6f9c44e0398a9be62f0afd789.png - 01,/ZHONGyuan/PICO8/graphique_pixels_yuan-f7890bd6f9c44e0398a9be62f0afd789.png,2026-05-23T11:32:47.206Z,https://ik.imagekit.io/ZHONGyuan/ZHONGyuan/PICO8/graphique_pixels_yuan-f7890bd6f9c44e0398a9be62f0afd789.png?updatedAt=1779535967817,png,55565,https://ik.imagekit.io/ZHONGyuan/ZHONGyuan/PICO8/graphique_pixels_yuan-f7890bd6f9c44e0398a9be62f0afd789.png,graphique_pixels_yuan-f7890bd6f9c44e0398a9be62f0afd789.png,graphique_pixels_yuan-f7890bd6f9c44e0398a9be62f0afd789.png,,/ZHONGyuan/PICO8/graphique_pixels_yuan-f7890bd6f9c44e0398a9be62f0afd789.png,1,['https://ik.imagekit.io/ZHONGyuan/ZHONGyuan/PICO8/graphique_pixels_yuan-f7890bd6f9c44e0398a9be62f0afd789.png']
6a11905f5c7cd75eb894489e,File,graphique_pixels_yuan.png - graphique_pixels_yuan.png - 01,/ZHONGyuan/PICO8/graphique_pixels_yuan.png,2026-05-23T11:32:47.015Z,https://ik.imagekit.io/ZHONGyuan/ZHONGyuan/PICO8/graphique_pixels_yuan.png?updatedAt=1779535967616,png,55565,https://ik.imagekit.io/ZHONGyuan/ZHONGyuan/PICO8/graphique_pixels_yuan.png,graphique_pixels_yuan.png,graphique_pixels_yuan.png,,/ZHONGyuan/PICO8/graphique_pixels_yuan.png,1,['https://ik.imagekit.io/ZHONGyuan/ZHONGyuan/PICO8/graphique_pixels_yuan.png']
6a118cd85c7cd75eb8821652,File,Bachique 2017 - IMG_0015.JPG - 01,/ZHONGyuan/Photo/Bachique 2017/IMG_0015.JPG,2026-05-23T11:17:43.890Z,https://ik.imagekit.io/ZHONGyuan/ZHONGyuan/Photo/Bachique%202017/IMG_0015.JPG?updatedAt=1779535064443,jpg,8663549,https://ik.imagekit.io/ZHONGyuan/ZHONGyuan/Photo/Bachique 2017/IMG_0015.JPG,Bachique 2017,IMG_0015.JPG,,/ZHONGyuan/Photo/Bachique 2017,1,"['https://ik.imagekit.io/ZHONGyuan/ZHONGyuan/Photo/Bachique 2017/IMG_0015.JPG', 'https://ik.imagekit.io/ZHONGyuan/ZHONGyuan/Photo/Bachique 2017/IMG_0049.JPG', 'https://ik.imagekit.io/ZHONGyuan/ZHONGyuan/Photo/Bachique 2017/IMG_0071.JPG', 'https://ik.imagekit.io/ZHONGyuan/ZHONGyuan/Photo/Bachique 2017/IMG_0097.JPG', 'https://ik.imagekit.io/ZHONGyuan/ZHONGyuan/Photo/Bachique 2017/IMG_0125.JPG', 'https://ik.imagekit.io/ZHONGyuan/ZHONGyuan/Photo/Bachique 2017/IMG_0156.JPG', 'https://ik.imagekit.io/ZHONGyuan/ZHONGyuan/Photo/Bachique 2017/IMG_0682.JPG', 'https://ik.imagekit.io/ZHONGyuan/ZHONGyuan/Photo/Bachique 2017/IMG_0683.JPG']"
6a118d015c7cd75eb882ecba,File,Cellules 脿 c么ne - IMG_1494.JPG - 01,/ZHONGyuan/Photo/Cellules 脿 c么ne/IMG_1494.JPG,2026-05-23T11:18:25.008Z,https://ik.imagekit.io/ZHONGyuan/ZHONGyuan/Photo/Cellules%20%C3%A0%20c%C3%B4ne/IMG_1494.JPG?updatedAt=1779535105496,jpg,2757839,https://ik.imagekit.io/ZHONGyuan/ZHONGyuan/Photo/Cellules 脿 c么ne/IMG_1494.JPG,Cellules 脿 c么ne,IMG_1494.JPG,,/ZHONGyuan/Photo/Cellules 脿 c么ne,1,"['https://ik.imagekit.io/ZHONGyuan/ZHONGyuan/Photo/Cellules 脿 c么ne/IMG_1494.JPG', 'https://ik.imagekit.io/ZHONGyuan/ZHONGyuan/Photo/Cellules 脿 c么ne/IMG_1500.JPG', 'https://ik.imagekit.io/ZHONGyuan/ZHONGyuan/Photo/Cellules 脿 c么ne/IMG_1502.JPG', 'https://ik.imagekit.io/ZHONGyuan/ZHONGyuan/Photo/Cellules 脿 c么ne/IMG_1503.JPG', 'https://ik.imagekit.io/ZHONGyuan/ZHONGyuan/Photo/Cellules 脿 c么ne/IMG_1504.JPG', 'https://ik.imagekit.io/ZHONGyuan/ZHONGyuan/Photo/Cellules 脿 c么ne/IMG_1505.JPG', 'https://ik.imagekit.io/ZHONGyuan/ZHONGyuan/Photo/Cellules 脿 c么ne/IMG_1506.JPG', 'https://ik.imagekit.io/ZHONGyuan/ZHONGyuan/Photo/Cellules 脿 c么ne/IMG_1509.JPG', 'https://ik.imagekit.io/ZHONGyuan/ZHONGyuan/Photo/Cellules 脿 c么ne/IMG_1534.JPG', 'https://ik.imagekit.io/ZHONGyuan/ZHONGyuan/Photo/Cellules 脿 c么ne/IMG_1536.JPG', 'https://ik.imagekit.io/ZHONGyuan/ZHONGyuan/Photo/Cellules 脿 c么ne/IMG_1538.JPG', 'https://ik.imagekit.io/ZHONGyuan/ZHONGyuan/Photo/Cellules 脿 c么ne/IMG_1548.JPG', 'https://ik.imagekit.io/ZHONGyuan/ZHONGyuan/Photo/Cellules 脿 c么ne/IMG_1552.JPG', 'https://ik.imagekit.io/ZHONGyuan/ZHONGyuan/Photo/Cellules 脿 c么ne/IMG_1553.JPG', 'https://ik.imagekit.io/ZHONGyuan/ZHONGyuan/Photo/Cellules 脿 c么ne/IMG_1555.JPG', 'https://ik.imagekit.io/ZHONGyuan/ZHONGyuan/Photo/Cellules 脿 c么ne/IMG_1565.JPG', 'https://ik.imagekit.io/ZHONGyuan/ZHONGyuan/Photo/Cellules 脿 c么ne/IMG_1566.JPG', 'https://ik.imagekit.io/ZHONGyuan/ZHONGyuan/Photo/Cellules 脿 c么ne/IMG_1567.JPG']"
6a118f535c7cd75eb88f143e,File,Cone Traffic - IMG_0020.JPG - 01,/ZHONGyuan/Photo/Cone Traffic/IMG_0020.JPG,2026-05-23T11:28:19.849Z,https://ik.imagekit.io/ZHONGyuan/ZHONGyuan/Photo/Cone%20Traffic/IMG_0020.JPG?updatedAt=1779535700306,jpg,4564673,https://ik.imagekit.io/ZHONGyuan/ZHONGyuan/Photo/Cone Traffic/IMG_0020.JPG,Cone Traffic,IMG_0020.JPG,,/ZHONGyuan/Photo/Cone Traffic,1,"['https://ik.imagekit.io/ZHONGyuan/ZHONGyuan/Photo/Cone Traffic/IMG_0020.JPG', 'https://ik.imagekit.io/ZHONGyuan/ZHONGyuan/Photo/Cone Traffic/IMG_0589.JPG', 'https://ik.imagekit.io/ZHONGyuan/ZHONGyuan/Photo/Cone Traffic/IMG_0735.JPG', 'https://ik.imagekit.io/ZHONGyuan/ZHONGyuan/Photo/Cone Traffic/IMG_0835.JPG', 'https://ik.imagekit.io/ZHONGyuan/ZHONGyuan/Photo/Cone Traffic/IMG_0912.JPG', 'https://ik.imagekit.io/ZHONGyuan/ZHONGyuan/Photo/Cone Traffic/IMG_0953.JPG', 'https://ik.imagekit.io/ZHONGyuan/ZHONGyuan/Photo/Cone Traffic/IMG_0995.JPG', 'https://ik.imagekit.io/ZHONGyuan/ZHONGyuan/Photo/Cone Traffic/IMG_1806.JPG', 'https://ik.imagekit.io/ZHONGyuan/ZHONGyuan/Photo/Cone Traffic/IMG_4652.JPG', 'https://ik.imagekit.io/ZHONGyuan/ZHONGyuan/Photo/Cone Traffic/IMG_4675.JPG', 'https://ik.imagekit.io/ZHONGyuan/ZHONGyuan/Photo/Cone Traffic/IMG_4704.JPG', 'https://ik.imagekit.io/ZHONGyuan/ZHONGyuan/Photo/Cone Traffic/IMG_4975.JPG', 'https://ik.imagekit.io/ZHONGyuan/ZHONGyuan/Photo/Cone Traffic/IMG_5054.JPG', 'https://ik.imagekit.io/ZHONGyuan/ZHONGyuan/Photo/Cone Traffic/IMG_5055.JPG', 'https://ik.imagekit.io/ZHONGyuan/ZHONGyuan/Photo/Cone Traffic/IMG_6600.JPG', 'https://ik.imagekit.io/ZHONGyuan/ZHONGyuan/Photo/Cone Traffic/IMG_6638.JPG', 'https://ik.imagekit.io/ZHONGyuan/ZHONGyuan/Photo/Cone Traffic/IMG_6645.JPG', 'https://ik.imagekit.io/ZHONGyuan/ZHONGyuan/Photo/Cone Traffic/IMG_6646.JPG', 'https://ik.imagekit.io/ZHONGyuan/ZHONGyuan/Photo/Cone Traffic/IMG_6661.JPG', 'https://ik.imagekit.io/ZHONGyuan/ZHONGyuan/Photo/Cone Traffic/IMG_6670.JPG', 'https://ik.imagekit.io/ZHONGyuan/ZHONGyuan/Photo/Cone Traffic/IMG_6709.JPG', 'https://ik.imagekit.io/ZHONGyuan/ZHONGyuan/Photo/Cone Traffic/IMG_6714.JPG', 'https://ik.imagekit.io/ZHONGyuan/ZHONGyuan/Photo/Cone Traffic/IMG_6764.JPG', 'https://ik.imagekit.io/ZHONGyuan/ZHONGyuan/Photo/Cone Traffic/IMG_6773.JPG', 'https://ik.imagekit.io/ZHONGyuan/ZHONGyuan/Photo/Cone Traffic/IMG_6792.JPG', 'https://ik.imagekit.io/ZHONGyuan/ZHONGyuan/Photo/Cone Traffic/IMG_6816.JPG', 'https://ik.imagekit.io/ZHONGyuan/ZHONGyuan/Photo/Cone Traffic/IMG_6817.JPG', 'https://ik.imagekit.io/ZHONGyuan/ZHONGyuan/Photo/Cone Traffic/IMG_6823.JPG', 'https://ik.imagekit.io/ZHONGyuan/ZHONGyuan/Photo/Cone Traffic/IMG_6829.JPG', 'https://ik.imagekit.io/ZHONGyuan/ZHONGyuan/Photo/Cone Traffic/IMG_6864.JPG', 'https://ik.imagekit.io/ZHONGyuan/ZHONGyuan/Photo/Cone Traffic/IMG_6894.JPG', 'https://ik.imagekit.io/ZHONGyuan/ZHONGyuan/Photo/Cone Traffic/IMG_6904.JPG', 'https://ik.imagekit.io/ZHONGyuan/ZHONGyuan/Photo/Cone Traffic/IMG_6917.JPG', 'https://ik.imagekit.io/ZHONGyuan/ZHONGyuan/Photo/Cone Traffic/IMG_6918.JPG', 'https://ik.imagekit.io/ZHONGyuan/ZHONGyuan/Photo/Cone Traffic/IMG_6919.JPG', 'https://ik.imagekit.io/ZHONGyuan/ZHONGyuan/Photo/Cone Traffic/IMG_6945.JPG', 'https://ik.imagekit.io/ZHONGyuan/ZHONGyuan/Photo/Cone Traffic/IMG_6955.JPG', 'https://ik.imagekit.io/ZHONGyuan/ZHONGyuan/Photo/Cone Traffic/IMG_6998.JPG', 'https://ik.imagekit.io/ZHONGyuan/ZHONGyuan/Photo/Cone Traffic/IMG_9294.JPG', 'https://ik.imagekit.io/ZHONGyuan/ZHONGyuan/Photo/Cone Traffic/IMG_9889.JPG']"
6a118f7f5c7cd75eb88fe975,File,Cube Pixel - IMG_1205.JPG - 01,/ZHONGyuan/Photo/Cube Pixel/IMG_1205.JPG,2026-05-23T11:29:03.383Z,https://ik.imagekit.io/ZHONGyuan/ZHONGyuan/Photo/Cube%20Pixel/IMG_1205.JPG?updatedAt=1779535743946,jpg,7464728,https://ik.imagekit.io/ZHONGyuan/ZHONGyuan/Photo/Cube Pixel/IMG_1205.JPG,Cube Pixel,IMG_1205.JPG,,/ZHONGyuan/Photo/Cube Pixel,1,"['https://ik.imagekit.io/ZHONGyuan/ZHONGyuan/Photo/Cube Pixel/IMG_1205.JPG', 'https://ik.imagekit.io/ZHONGyuan/ZHONGyuan/Photo/Cube Pixel/IMG_1206.JPG', 'https://ik.imagekit.io/ZHONGyuan/ZHONGyuan/Photo/Cube Pixel/IMG_1207.JPG', 'https://ik.imagekit.io/ZHONGyuan/ZHONGyuan/Photo/Cube Pixel/IMG_1209.JPG', 'https://ik.imagekit.io/ZHONGyuan/ZHONGyuan/Photo/Cube Pixel/IMG_1215.JPG', 'https://ik.imagekit.io/ZHONGyuan/ZHONGyuan/Photo/Cube Pixel/IMG_1223.JPG', 'https://ik.imagekit.io/ZHONGyuan/ZHONGyuan/Photo/Cube Pixel/IMG_1239.JPG', 'https://ik.imagekit.io/ZHONGyuan/ZHONGyuan/Photo/Cube Pixel/IMG_1241.JPG', 'https://ik.imagekit.io/ZHONGyuan/ZHONGyuan/Photo/Cube Pixel/IMG_1244.JPG', 'https://ik.imagekit.io/ZHONGyuan/ZHONGyuan/Photo/Cube Pixel/IMG_1251.JPG']"
6a118f9c5c7cd75eb89093ad,File,Enfants au musee - IMG_0825.JPG - 01,/ZHONGyuan/Photo/Enfants au musee/IMG_0825.JPG,2026-05-23T11:29:32.741Z,https://ik.imagekit.io/ZHONGyuan/ZHONGyuan/Photo/Enfants%20au%20musee/IMG_0825.JPG?updatedAt=1779535773188,jpg,1942345,https://ik.imagekit.io/ZHONGyuan/ZHONGyuan/Photo/Enfants au musee/IMG_0825.JPG,Enfants au musee,IMG_0825.JPG,,/ZHONGyuan/Photo/Enfants au musee,1,"['https://ik.imagekit.io/ZHONGyuan/ZHONGyuan/Photo/Enfants au musee/IMG_0825.JPG', 'https://ik.imagekit.io/ZHONGyuan/ZHONGyuan/Photo/Enfants au musee/IMG_1977.JPG', 'https://ik.imagekit.io/ZHONGyuan/ZHONGyuan/Photo/Enfants au musee/IMG_3313.JPG', 'https://ik.imagekit.io/ZHONGyuan/ZHONGyuan/Photo/Enfants au musee/IMG_3336.JPG']"
6a118fc05c7cd75eb8913b01,File,Giuseppe Belvedere - Giuseppe Belvedere 27102017.JPG - 01,/ZHONGyuan/Photo/Giuseppe Belvedere/Giuseppe Belvedere 27102017.JPG,2026-05-23T11:30:08.227Z,https://ik.imagekit.io/ZHONGyuan/ZHONGyuan/Photo/Giuseppe%20Belvedere/Giuseppe%20Belvedere%2027102017.JPG?updatedAt=1779535808666,jpg,2666205,https://ik.imagekit.io/ZHONGyuan/ZHONGyuan/Photo/Giuseppe Belvedere/Giuseppe Belvedere 27102017.JPG,Giuseppe Belvedere,Giuseppe Belvedere 27102017.JPG,,/ZHONGyuan/Photo/Giuseppe Belvedere,1,['https://ik.imagekit.io/ZHONGyuan/ZHONGyuan/Photo/Giuseppe Belvedere/Giuseppe Belvedere 27102017.JPG']
6a118fed5c7cd75eb8920ea5,File,Jardin - IMG_0067.JPG - 01,/ZHONGyuan/Photo/Jardin/IMG_0067.JPG,2026-05-23T11:30:53.401Z,https://ik.imagekit.io/ZHONGyuan/ZHONGyuan/Photo/Jardin/IMG_0067.JPG?updatedAt=1779535853831,jpg,599555,https://ik.imagekit.io/ZHONGyuan/ZHONGyuan/Photo/Jardin/IMG_0067.JPG,Jardin,IMG_0067.JPG,,/ZHONGyuan/Photo/Jardin,1,"['https://ik.imagekit.io/ZHONGyuan/ZHONGyuan/Photo/Jardin/IMG_0067.JPG', 'https://ik.imagekit.io/ZHONGyuan/ZHONGyuan/Photo/Jardin/IMG_0079.JPG', 'https://ik.imagekit.io/ZHONGyuan/ZHONGyuan/Photo/Jardin/IMG_0080.JPG', 'https://ik.imagekit.io/ZHONGyuan/ZHONGyuan/Photo/Jardin/IMG_0081.JPG', 'https://ik.imagekit.io/ZHONGyuan/ZHONGyuan/Photo/Jardin/IMG_0082.JPG', 'https://ik.imagekit.io/ZHONGyuan/ZHONGyuan/Photo/Jardin/IMG_0089.JPG', 'https://ik.imagekit.io/ZHONGyuan/ZHONGyuan/Photo/Jardin/img191.jpg', 'https://ik.imagekit.io/ZHONGyuan/ZHONGyuan/Photo/Jardin/img192.jpg', 'https://ik.imagekit.io/ZHONGyuan/ZHONGyuan/Photo/Jardin/img192_edited.jpg', 'https://ik.imagekit.io/ZHONGyuan/ZHONGyuan/Photo/Jardin/img193.jpg', 'https://ik.imagekit.io/ZHONGyuan/ZHONGyuan/Photo/Jardin/img194.jpg', 'https://ik.imagekit.io/ZHONGyuan/ZHONGyuan/Photo/Jardin/img195.jpg', 'https://ik.imagekit.io/ZHONGyuan/ZHONGyuan/Photo/Jardin/img196.jpg']"
6a11901a5c7cd75eb892e1f3,File,Sans lunettes - QQ鎴浘20170324151120.jpg - 01,/ZHONGyuan/Photo/Sans lunettes/QQ鎴浘20170324151120.jpg,2026-05-23T11:31:38.520Z,https://ik.imagekit.io/ZHONGyuan/ZHONGyuan/Photo/Sans%20lunettes/QQ%E6%88%AA%E5%9B%BE20170324151120.jpg?updatedAt=1779535898951,jpg,43443,https://ik.imagekit.io/ZHONGyuan/ZHONGyuan/Photo/Sans lunettes/QQ鎴浘20170324151120.jpg,Sans lunettes,QQ鎴浘20170324151120.jpg,,/ZHONGyuan/Photo/Sans lunettes,1,"['https://ik.imagekit.io/ZHONGyuan/ZHONGyuan/Photo/Sans lunettes/QQ鎴浘20170324151120.jpg', 'https://ik.imagekit.io/ZHONGyuan/ZHONGyuan/Photo/Sans lunettes/QQ鎴浘20170324151158.jpg', 'https://ik.imagekit.io/ZHONGyuan/ZHONGyuan/Photo/Sans lunettes/QQ鎴浘20170324152050.jpg']"
6a11903a5c7cd75eb89380ee,File,Texture de l'eau - IMG_0291.JPG - 01,/ZHONGyuan/Photo/Texture de l'eau/IMG_0291.JPG,2026-05-23T11:32:09.889Z,https://ik.imagekit.io/ZHONGyuan/ZHONGyuan/Photo/Texture%20de%20l'eau/IMG_0291.JPG?updatedAt=1779535930471,jpg,2704335,https://ik.imagekit.io/ZHONGyuan/ZHONGyuan/Photo/Texture de l'eau/IMG_0291.JPG,Texture de l'eau,IMG_0291.JPG,,/ZHONGyuan/Photo/Texture de l'eau,1,"[""https://ik.imagekit.io/ZHONGyuan/ZHONGyuan/Photo/Texture de l'eau/IMG_0291.JPG"", ""https://ik.imagekit.io/ZHONGyuan/ZHONGyuan/Photo/Texture de l'eau/IMG_0581.JPG"", ""https://ik.imagekit.io/ZHONGyuan/ZHONGyuan/Photo/Texture de l'eau/IMG_0582-8863220c554f48cfbe7abb9aad5c1768.JPG"", ""https://ik.imagekit.io/ZHONGyuan/ZHONGyuan/Photo/Texture de l'eau/IMG_0582.JPG"", ""https://ik.imagekit.io/ZHONGyuan/ZHONGyuan/Photo/Texture de l'eau/IMG_0626.JPG"", ""https://ik.imagekit.io/ZHONGyuan/ZHONGyuan/Photo/Texture de l'eau/IMG_2388.JPG"", ""https://ik.imagekit.io/ZHONGyuan/ZHONGyuan/Photo/Texture de l'eau/IMG_2564.JPG"", ""https://ik.imagekit.io/ZHONGyuan/ZHONGyuan/Photo/Texture de l'eau/IMG_3333.JPG"", ""https://ik.imagekit.io/ZHONGyuan/ZHONGyuan/Photo/Texture de l'eau/IMG_3537.JPG"", ""https://ik.imagekit.io/ZHONGyuan/ZHONGyuan/Photo/Texture de l'eau/IMG_5648.JPG"", ""https://ik.imagekit.io/ZHONGyuan/ZHONGyuan/Photo/Texture de l'eau/IMG_6098.JPG""]"
6a1190905c7cd75eb8953609,File,Copy of IMG_5828.JPG - Copy of IMG_5828.JPG - 01,/ZHONGyuan/Revisite/Copy of IMG_5828.JPG,2026-05-23T11:33:36.824Z,https://ik.imagekit.io/ZHONGyuan/ZHONGyuan/Revisite/Copy%20of%20IMG_5828.JPG?updatedAt=1779536017302,jpg,5076206,https://ik.imagekit.io/ZHONGyuan/ZHONGyuan/Revisite/Copy of IMG_5828.JPG,Copy of IMG_5828.JPG,Copy of IMG_5828.JPG,,/ZHONGyuan/Revisite/Copy of IMG_5828.JPG,1,['https://ik.imagekit.io/ZHONGyuan/ZHONGyuan/Revisite/Copy of IMG_5828.JPG']
6a1190925c7cd75eb8954d22,File,IMG_2027_1.png - IMG_2027_1.png - 01,/ZHONGyuan/Revisite/IMG_2027_1.png,2026-05-23T11:33:38.692Z,https://ik.imagekit.io/ZHONGyuan/ZHONGyuan/Revisite/IMG_2027_1.png?updatedAt=1779536020231,png,0,https://ik.imagekit.io/ZHONGyuan/ZHONGyuan/Revisite/IMG_2027_1.png,IMG_2027_1.png,IMG_2027_1.png,,/ZHONGyuan/Revisite/IMG_2027_1.png,1,['https://ik.imagekit.io/ZHONGyuan/ZHONGyuan/Revisite/IMG_2027_1.png']
6a1190915c7cd75eb895422d,File,IMG_2028_1.png - IMG_2028_1.png - 01,/ZHONGyuan/Revisite/IMG_2028_1.png,2026-05-23T11:33:37.586Z,https://ik.imagekit.io/ZHONGyuan/ZHONGyuan/Revisite/IMG_2028_1.png?updatedAt=1779536018241,png,0,https://ik.imagekit.io/ZHONGyuan/ZHONGyuan/Revisite/IMG_2028_1.png,IMG_2028_1.png,IMG_2028_1.png,,/ZHONGyuan/Revisite/IMG_2028_1.png,1,['https://ik.imagekit.io/ZHONGyuan/ZHONGyuan/Revisite/IMG_2028_1.png']
6a1190915c7cd75eb8954226,File,IMG_6653.jpg - IMG_6653.jpg - 01,/ZHONGyuan/Revisite/IMG_6653.jpg,2026-05-23T11:33:37.585Z,https://ik.imagekit.io/ZHONGyuan/ZHONGyuan/Revisite/IMG_6653.jpg?updatedAt=1779536018143,jpg,8637427,https://ik.imagekit.io/ZHONGyuan/ZHONGyuan/Revisite/IMG_6653.jpg,IMG_6653.jpg,IMG_6653.jpg,,/ZHONGyuan/Revisite/IMG_6653.jpg,1,['https://ik.imagekit.io/ZHONGyuan/ZHONGyuan/Revisite/IMG_6653.jpg']
6a1190905c7cd75eb8953101,File,IMG_6653_edited.jpg - IMG_6653_edited.jpg - 01,/ZHONGyuan/Revisite/IMG_6653_edited.jpg,2026-05-23T11:33:35.964Z,https://ik.imagekit.io/ZHONGyuan/ZHONGyuan/Revisite/IMG_6653_edited.jpg?updatedAt=1779536016392,jpg,676407,https://ik.imagekit.io/ZHONGyuan/ZHONGyuan/Revisite/IMG_6653_edited.jpg,IMG_6653_edited.jpg,IMG_6653_edited.jpg,,/ZHONGyuan/Revisite/IMG_6653_edited.jpg,1,['https://ik.imagekit.io/ZHONGyuan/ZHONGyuan/Revisite/IMG_6653_edited.jpg']
6a1190915c7cd75eb89543d6,File,Yuan_Expo_01.jpg - Yuan_Expo_01.jpg - 01,/ZHONGyuan/Revisite/Yuan_Expo_01.jpg,2026-05-23T11:33:37.763Z,https://ik.imagekit.io/ZHONGyuan/ZHONGyuan/Revisite/Yuan_Expo_01.jpg?updatedAt=1779536018420,jpg,10334755,https://ik.imagekit.io/ZHONGyuan/ZHONGyuan/Revisite/Yuan_Expo_01.jpg,Yuan_Expo_01.jpg,Yuan_Expo_01.jpg,,/ZHONGyuan/Revisite/Yuan_Expo_01.jpg,1,['https://ik.imagekit.io/ZHONGyuan/ZHONGyuan/Revisite/Yuan_Expo_01.jpg']
6a1190925c7cd75eb8954e05,File,Yuan_Expo_02.jpg - Yuan_Expo_02.jpg - 01,/ZHONGyuan/Revisite/Yuan_Expo_02.jpg,2026-05-23T11:33:38.780Z,https://ik.imagekit.io/ZHONGyuan/ZHONGyuan/Revisite/Yuan_Expo_02.jpg?updatedAt=1779536020322,jpg,16469248,https://ik.imagekit.io/ZHONGyuan/ZHONGyuan/Revisite/Yuan_Expo_02.jpg,Yuan_Expo_02.jpg,Yuan_Expo_02.jpg,,/ZHONGyuan/Revisite/Yuan_Expo_02.jpg,1,['https://ik.imagekit.io/ZHONGyuan/ZHONGyuan/Revisite/Yuan_Expo_02.jpg']
6a1190915c7cd75eb895415e,File,Yuan_Expo_04.jpg - Yuan_Expo_04.jpg - 01,/ZHONGyuan/Revisite/Yuan_Expo_04.jpg,2026-05-23T11:33:37.548Z,https://ik.imagekit.io/ZHONGyuan/ZHONGyuan/Revisite/Yuan_Expo_04.jpg?updatedAt=1779536018162,jpg,8382426,https://ik.imagekit.io/ZHONGyuan/ZHONGyuan/Revisite/Yuan_Expo_04.jpg,Yuan_Expo_04.jpg,Yuan_Expo_04.jpg,,/ZHONGyuan/Revisite/Yuan_Expo_04.jpg,1,['https://ik.imagekit.io/ZHONGyuan/ZHONGyuan/Revisite/Yuan_Expo_04.jpg']
6a1190905c7cd75eb89530ad,File,catalogue_imprimer.jpg - catalogue_imprimer.jpg - 01,/ZHONGyuan/Revisite/catalogue_imprimer.jpg,2026-05-23T11:33:35.913Z,https://ik.imagekit.io/ZHONGyuan/ZHONGyuan/Revisite/catalogue_imprimer.jpg?updatedAt=1779536016326,jpg,346277,https://ik.imagekit.io/ZHONGyuan/ZHONGyuan/Revisite/catalogue_imprimer.jpg,catalogue_imprimer.jpg,catalogue_imprimer.jpg,,/ZHONGyuan/Revisite/catalogue_imprimer.jpg,1,['https://ik.imagekit.io/ZHONGyuan/ZHONGyuan/Revisite/catalogue_imprimer.jpg']
6a1190905c7cd75eb89530b4,File,catalogue_imprimer2.jpg - catalogue_imprimer2.jpg - 01,/ZHONGyuan/Revisite/catalogue_imprimer2.jpg,2026-05-23T11:33:35.911Z,https://ik.imagekit.io/ZHONGyuan/ZHONGyuan/Revisite/catalogue_imprimer2.jpg?updatedAt=1779536016329,jpg,295347,https://ik.imagekit.io/ZHONGyuan/ZHONGyuan/Revisite/catalogue_imprimer2.jpg,catalogue_imprimer2.jpg,catalogue_imprimer2.jpg,,/ZHONGyuan/Revisite/catalogue_imprimer2.jpg,1,['https://ik.imagekit.io/ZHONGyuan/ZHONGyuan/Revisite/catalogue_imprimer2.jpg']
6a1190c95c7cd75eb8968a9a,File,Rocher2.0.png - Rocher2.0.png - 01,/ZHONGyuan/The Lost Mountain/Rocher2.0.png,2026-05-23T11:34:32.956Z,https://ik.imagekit.io/ZHONGyuan/ZHONGyuan/The%20Lost%20Mountain/Rocher2.0.png?updatedAt=1779536073363,png,2531,https://ik.imagekit.io/ZHONGyuan/ZHONGyuan/The Lost Mountain/Rocher2.0.png,Rocher2.0.png,Rocher2.0.png,,/ZHONGyuan/The Lost Mountain/Rocher2.0.png,1,['https://ik.imagekit.io/ZHONGyuan/ZHONGyuan/The Lost Mountain/Rocher2.0.png']
6a1190c95c7cd75eb8968aca,File,Rocher2.0end.png - Rocher2.0end.png - 01,/ZHONGyuan/The Lost Mountain/Rocher2.0end.png,2026-05-23T11:34:32.979Z,https://ik.imagekit.io/ZHONGyuan/ZHONGyuan/The%20Lost%20Mountain/Rocher2.0end.png?updatedAt=1779536073397,png,2449,https://ik.imagekit.io/ZHONGyuan/ZHONGyuan/The Lost Mountain/Rocher2.0end.png,Rocher2.0end.png,Rocher2.0end.png,,/ZHONGyuan/The Lost Mountain/Rocher2.0end.png,1,['https://ik.imagekit.io/ZHONGyuan/ZHONGyuan/The Lost Mountain/Rocher2.0end.png']
6a1190c95c7cd75eb8968acf,File,Rocher2.0g.png - Rocher2.0g.png - 01,/ZHONGyuan/The Lost Mountain/Rocher2.0g.png,2026-05-23T11:34:32.981Z,https://ik.imagekit.io/ZHONGyuan/ZHONGyuan/The%20Lost%20Mountain/Rocher2.0g.png?updatedAt=1779536073394,png,2548,https://ik.imagekit.io/ZHONGyuan/ZHONGyuan/The Lost Mountain/Rocher2.0g.png,Rocher2.0g.png,Rocher2.0g.png,,/ZHONGyuan/The Lost Mountain/Rocher2.0g.png,1,['https://ik.imagekit.io/ZHONGyuan/ZHONGyuan/The Lost Mountain/Rocher2.0g.png']
6a1190c95c7cd75eb8968ab0,File,Rocher2.0i.png - Rocher2.0i.png - 01,/ZHONGyuan/The Lost Mountain/Rocher2.0i.png,2026-05-23T11:34:32.967Z,https://ik.imagekit.io/ZHONGyuan/ZHONGyuan/The%20Lost%20Mountain/Rocher2.0i.png?updatedAt=1779536073425,png,2129,https://ik.imagekit.io/ZHONGyuan/ZHONGyuan/The Lost Mountain/Rocher2.0i.png,Rocher2.0i.png,Rocher2.0i.png,,/ZHONGyuan/The Lost Mountain/Rocher2.0i.png,1,['https://ik.imagekit.io/ZHONGyuan/ZHONGyuan/The Lost Mountain/Rocher2.0i.png']
6a1190c95c7cd75eb8968aa9,File,Rocher2.0m.png - Rocher2.0m.png - 01,/ZHONGyuan/The Lost Mountain/Rocher2.0m.png,2026-05-23T11:34:32.966Z,https://ik.imagekit.io/ZHONGyuan/ZHONGyuan/The%20Lost%20Mountain/Rocher2.0m.png?updatedAt=1779536073414,png,2204,https://ik.imagekit.io/ZHONGyuan/ZHONGyuan/The Lost Mountain/Rocher2.0m.png,Rocher2.0m.png,Rocher2.0m.png,,/ZHONGyuan/The Lost Mountain/Rocher2.0m.png,1,['https://ik.imagekit.io/ZHONGyuan/ZHONGyuan/The Lost Mountain/Rocher2.0m.png']
6a1190c85c7cd75eb8968925,File,Rocher2.0n.png - Rocher2.0n.png - 01,/ZHONGyuan/The Lost Mountain/Rocher2.0n.png,2026-05-23T11:34:32.699Z,https://ik.imagekit.io/ZHONGyuan/ZHONGyuan/The%20Lost%20Mountain/Rocher2.0n.png?updatedAt=1779536073114,png,2500,https://ik.imagekit.io/ZHONGyuan/ZHONGyuan/The Lost Mountain/Rocher2.0n.png,Rocher2.0n.png,Rocher2.0n.png,,/ZHONGyuan/The Lost Mountain/Rocher2.0n.png,1,['https://ik.imagekit.io/ZHONGyuan/ZHONGyuan/The Lost Mountain/Rocher2.0n.png']
6a1190c95c7cd75eb8968a46,File,Rocher2.0nend.png - Rocher2.0nend.png - 01,/ZHONGyuan/The Lost Mountain/Rocher2.0nend.png,2026-05-23T11:34:32.913Z,https://ik.imagekit.io/ZHONGyuan/ZHONGyuan/The%20Lost%20Mountain/Rocher2.0nend.png?updatedAt=1779536073329,png,2455,https://ik.imagekit.io/ZHONGyuan/ZHONGyuan/The Lost Mountain/Rocher2.0nend.png,Rocher2.0nend.png,Rocher2.0nend.png,,/ZHONGyuan/The Lost Mountain/Rocher2.0nend.png,1,['https://ik.imagekit.io/ZHONGyuan/ZHONGyuan/The Lost Mountain/Rocher2.0nend.png']
6a1190c95c7cd75eb8968a72,File,Rocher2.0ng.png - Rocher2.0ng.png - 01,/ZHONGyuan/The Lost Mountain/Rocher2.0ng.png,2026-05-23T11:34:32.930Z,https://ik.imagekit.io/ZHONGyuan/ZHONGyuan/The%20Lost%20Mountain/Rocher2.0ng.png?updatedAt=1779536073409,png,2512,https://ik.imagekit.io/ZHONGyuan/ZHONGyuan/The Lost Mountain/Rocher2.0ng.png,Rocher2.0ng.png,Rocher2.0ng.png,,/ZHONGyuan/The Lost Mountain/Rocher2.0ng.png,1,['https://ik.imagekit.io/ZHONGyuan/ZHONGyuan/The Lost Mountain/Rocher2.0ng.png']
6a1190c95c7cd75eb8968a68,File,Rocher2.0ni.png - Rocher2.0ni.png - 01,/ZHONGyuan/The Lost Mountain/Rocher2.0ni.png,2026-05-23T11:34:32.925Z,https://ik.imagekit.io/ZHONGyuan/ZHONGyuan/The%20Lost%20Mountain/Rocher2.0ni.png?updatedAt=1779536073381,png,2171,https://ik.imagekit.io/ZHONGyuan/ZHONGyuan/The Lost Mountain/Rocher2.0ni.png,Rocher2.0ni.png,Rocher2.0ni.png,,/ZHONGyuan/The Lost Mountain/Rocher2.0ni.png,1,['https://ik.imagekit.io/ZHONGyuan/ZHONGyuan/The Lost Mountain/Rocher2.0ni.png']
6a1190c95c7cd75eb8968a64,File,Rocher2.0nm.png - Rocher2.0nm.png - 01,/ZHONGyuan/The Lost Mountain/Rocher2.0nm.png,2026-05-23T11:34:32.932Z,https://ik.imagekit.io/ZHONGyuan/ZHONGyuan/The%20Lost%20Mountain/Rocher2.0nm.png?updatedAt=1779536073338,png,2255,https://ik.imagekit.io/ZHONGyuan/ZHONGyuan/The Lost Mountain/Rocher2.0nm.png,Rocher2.0nm.png,Rocher2.0nm.png,,/ZHONGyuan/The Lost Mountain/Rocher2.0nm.png,1,['https://ik.imagekit.io/ZHONGyuan/ZHONGyuan/The Lost Mountain/Rocher2.0nm.png']
6a1190c95c7cd75eb8968a50,File,Rocher2.1nend.png - Rocher2.1nend.png - 01,/ZHONGyuan/The Lost Mountain/Rocher2.1nend.png,2026-05-23T11:34:32.920Z,https://ik.imagekit.io/ZHONGyuan/ZHONGyuan/The%20Lost%20Mountain/Rocher2.1nend.png?updatedAt=1779536073329,png,2433,https://ik.imagekit.io/ZHONGyuan/ZHONGyuan/The Lost Mountain/Rocher2.1nend.png,Rocher2.1nend.png,Rocher2.1nend.png,,/ZHONGyuan/The Lost Mountain/Rocher2.1nend.png,1,['https://ik.imagekit.io/ZHONGyuan/ZHONGyuan/The Lost Mountain/Rocher2.1nend.png']
6a1190c95c7cd75eb8968a6e,File,Rocher2.1ni.png - Rocher2.1ni.png - 01,/ZHONGyuan/The Lost Mountain/Rocher2.1ni.png,2026-05-23T11:34:32.930Z,https://ik.imagekit.io/ZHONGyuan/ZHONGyuan/The%20Lost%20Mountain/Rocher2.1ni.png?updatedAt=1779536073348,png,2112,https://ik.imagekit.io/ZHONGyuan/ZHONGyuan/The Lost Mountain/Rocher2.1ni.png,Rocher2.1ni.png,Rocher2.1ni.png,,/ZHONGyuan/The Lost Mountain/Rocher2.1ni.png,1,['https://ik.imagekit.io/ZHONGyuan/ZHONGyuan/The Lost Mountain/Rocher2.1ni.png']
6a1190c95c7cd75eb8968a82,File,Rocher2.1nm.png - Rocher2.1nm.png - 01,/ZHONGyuan/The Lost Mountain/Rocher2.1nm.png,2026-05-23T11:34:32.936Z,https://ik.imagekit.io/ZHONGyuan/ZHONGyuan/The%20Lost%20Mountain/Rocher2.1nm.png?updatedAt=1779536073349,png,2186,https://ik.imagekit.io/ZHONGyuan/ZHONGyuan/The Lost Mountain/Rocher2.1nm.png,Rocher2.1nm.png,Rocher2.1nm.png,,/ZHONGyuan/The Lost Mountain/Rocher2.1nm.png,1,['https://ik.imagekit.io/ZHONGyuan/ZHONGyuan/The Lost Mountain/Rocher2.1nm.png']
6a1190c95c7cd75eb8968aaf,File,Rocher2.2ni.png - Rocher2.2ni.png - 01,/ZHONGyuan/The Lost Mountain/Rocher2.2ni.png,2026-05-23T11:34:32.967Z,https://ik.imagekit.io/ZHONGyuan/ZHONGyuan/The%20Lost%20Mountain/Rocher2.2ni.png?updatedAt=1779536073376,png,2100,https://ik.imagekit.io/ZHONGyuan/ZHONGyuan/The Lost Mountain/Rocher2.2ni.png,Rocher2.2ni.png,Rocher2.2ni.png,,/ZHONGyuan/The Lost Mountain/Rocher2.2ni.png,1,['https://ik.imagekit.io/ZHONGyuan/ZHONGyuan/The Lost Mountain/Rocher2.2ni.png']
6a1190c95c7cd75eb8968aba,File,lost_mountain.png - lost_mountain.png - 01,/ZHONGyuan/The Lost Mountain/lost_mountain.png,2026-05-23T11:34:32.977Z,https://ik.imagekit.io/ZHONGyuan/ZHONGyuan/The%20Lost%20Mountain/lost_mountain.png?updatedAt=1779536073433,png,8197,https://ik.imagekit.io/ZHONGyuan/ZHONGyuan/The Lost Mountain/lost_mountain.png,lost_mountain.png,lost_mountain.png,,/ZHONGyuan/The Lost Mountain/lost_mountain.png,1,['https://ik.imagekit.io/ZHONGyuan/ZHONGyuan/The Lost Mountain/lost_mountain.png']
6a1190c95c7cd75eb8968abe,File,start.png - start.png - 01,/ZHONGyuan/The Lost Mountain/start.png,2026-05-23T11:34:32.963Z,https://ik.imagekit.io/ZHONGyuan/ZHONGyuan/The%20Lost%20Mountain/start.png?updatedAt=1779536073396,png,6620,https://ik.imagekit.io/ZHONGyuan/ZHONGyuan/The Lost Mountain/start.png,start.png,start.png,,/ZHONGyuan/The Lost Mountain/start.png,1,['https://ik.imagekit.io/ZHONGyuan/ZHONGyuan/The Lost Mountain/start.png']
6a1190c95c7cd75eb8968abf,File,testmap2-d5ad9c72d65a404291c424988edc636a.png - testmap2-d5ad9c72d65a404291c424988edc636a.png - 01,/ZHONGyuan/The Lost Mountain/testmap2-d5ad9c72d65a404291c424988edc636a.png,2026-05-23T11:34:32.965Z,https://ik.imagekit.io/ZHONGyuan/ZHONGyuan/The%20Lost%20Mountain/testmap2-d5ad9c72d65a404291c424988edc636a.png?updatedAt=1779536073748,png,101839,https://ik.imagekit.io/ZHONGyuan/ZHONGyuan/The Lost Mountain/testmap2-d5ad9c72d65a404291c424988edc636a.png,testmap2-d5ad9c72d65a404291c424988edc636a.png,testmap2-d5ad9c72d65a404291c424988edc636a.png,,/ZHONGyuan/The Lost Mountain/testmap2-d5ad9c72d65a404291c424988edc636a.png,1,['https://ik.imagekit.io/ZHONGyuan/ZHONGyuan/The Lost Mountain/testmap2-d5ad9c72d65a404291c424988edc636a.png']
6a1190c95c7cd75eb8968acb,File,testmap2.png - testmap2.png - 01,/ZHONGyuan/The Lost Mountain/testmap2.png,2026-05-23T11:34:32.984Z,https://ik.imagekit.io/ZHONGyuan/ZHONGyuan/The%20Lost%20Mountain/testmap2.png?updatedAt=1779536073713,png,101839,https://ik.imagekit.io/ZHONGyuan/ZHONGyuan/The Lost Mountain/testmap2.png,testmap2.png,testmap2.png,,/ZHONGyuan/The Lost Mountain/testmap2.png,1,['https://ik.imagekit.io/ZHONGyuan/ZHONGyuan/The Lost Mountain/testmap2.png']
6a1190c95c7cd75eb8968ad5,File,testmapn2.1.png - testmapn2.1.png - 01,/ZHONGyuan/The Lost Mountain/testmapn2.1.png,2026-05-23T11:34:32.986Z,https://ik.imagekit.io/ZHONGyuan/ZHONGyuan/The%20Lost%20Mountain/testmapn2.1.png?updatedAt=1779536073755,png,98668,https://ik.imagekit.io/ZHONGyuan/ZHONGyuan/The Lost Mountain/testmapn2.1.png,testmapn2.1.png,testmapn2.1.png,,/ZHONGyuan/The Lost Mountain/testmapn2.1.png,1,['https://ik.imagekit.io/ZHONGyuan/ZHONGyuan/The Lost Mountain/testmapn2.1.png']
6a1190f05c7cd75eb897768b,File,ASCII-01.jpg - ASCII-01.jpg - 01,/ZHONGyuan/Typo/ASCII-01.jpg,2026-05-23T11:35:12.460Z,https://ik.imagekit.io/ZHONGyuan/ZHONGyuan/Typo/ASCII-01.jpg?updatedAt=1779536112890,jpg,784743,https://ik.imagekit.io/ZHONGyuan/ZHONGyuan/Typo/ASCII-01.jpg,ASCII-01.jpg,ASCII-01.jpg,,/ZHONGyuan/Typo/ASCII-01.jpg,1,['https://ik.imagekit.io/ZHONGyuan/ZHONGyuan/Typo/ASCII-01.jpg']
6a1190f05c7cd75eb89776c7,File,QR-01.jpg - QR-01.jpg - 01,/ZHONGyuan/Typo/QR-01.jpg,2026-05-23T11:35:12.506Z,https://ik.imagekit.io/ZHONGyuan/ZHONGyuan/Typo/QR-01.jpg?updatedAt=1779536112933,jpg,1168024,https://ik.imagekit.io/ZHONGyuan/ZHONGyuan/Typo/QR-01.jpg,QR-01.jpg,QR-01.jpg,,/ZHONGyuan/Typo/QR-01.jpg,1,['https://ik.imagekit.io/ZHONGyuan/ZHONGyuan/Typo/QR-01.jpg']
6a1190f05c7cd75eb89776c2,File,REFLET-01.jpg - REFLET-01.jpg - 01,/ZHONGyuan/Typo/REFLET-01.jpg,2026-05-23T11:35:12.505Z,https://ik.imagekit.io/ZHONGyuan/ZHONGyuan/Typo/REFLET-01.jpg?updatedAt=1779536112933,jpg,1193434,https://ik.imagekit.io/ZHONGyuan/ZHONGyuan/Typo/REFLET-01.jpg,REFLET-01.jpg,REFLET-01.jpg,,/ZHONGyuan/Typo/REFLET-01.jpg,1,['https://ik.imagekit.io/ZHONGyuan/ZHONGyuan/Typo/REFLET-01.jpg']
6a1190f05c7cd75eb89774d3,File,zorigami.png - zorigami.png - 01,/ZHONGyuan/Typo/zorigami.png,2026-05-23T11:35:12.206Z,https://ik.imagekit.io/ZHONGyuan/ZHONGyuan/Typo/zorigami.png?updatedAt=1779536112739,png,70653,https://ik.imagekit.io/ZHONGyuan/ZHONGyuan/Typo/zorigami.png,zorigami.png,zorigami.png,,/ZHONGyuan/Typo/zorigami.png,1,['https://ik.imagekit.io/ZHONGyuan/ZHONGyuan/Typo/zorigami.png']
6a1190f05c7cd75eb897743f,File,zorigami_c.png - zorigami_c.png - 01,/ZHONGyuan/Typo/zorigami_c.png,2026-05-23T11:35:12.177Z,https://ik.imagekit.io/ZHONGyuan/ZHONGyuan/Typo/zorigami_c.png?updatedAt=1779536112592,png,10821,https://ik.imagekit.io/ZHONGyuan/ZHONGyuan/Typo/zorigami_c.png,zorigami_c.png,zorigami_c.png,,/ZHONGyuan/Typo/zorigami_c.png,1,['https://ik.imagekit.io/ZHONGyuan/ZHONGyuan/Typo/zorigami_c.png']
6a1190f05c7cd75eb8977471,File,zorigami_c1.png - zorigami_c1.png - 01,/ZHONGyuan/Typo/zorigami_c1.png,2026-05-23T11:35:12.184Z,https://ik.imagekit.io/ZHONGyuan/ZHONGyuan/Typo/zorigami_c1.png?updatedAt=1779536112669,png,21445,https://ik.imagekit.io/ZHONGyuan/ZHONGyuan/Typo/zorigami_c1.png,zorigami_c1.png,zorigami_c1.png,,/ZHONGyuan/Typo/zorigami_c1.png,1,['https://ik.imagekit.io/ZHONGyuan/ZHONGyuan/Typo/zorigami_c1.png']
6a1190f05c7cd75eb8977166,File,zorigami_s.png - zorigami_s.png - 01,/ZHONGyuan/Typo/zorigami_s.png,2026-05-23T11:35:11.927Z,https://ik.imagekit.io/ZHONGyuan/ZHONGyuan/Typo/zorigami_s.png?updatedAt=1779536112365,png,29528,https://ik.imagekit.io/ZHONGyuan/ZHONGyuan/Typo/zorigami_s.png,zorigami_s.png,zorigami_s.png,,/ZHONGyuan/Typo/zorigami_s.png,1,['https://ik.imagekit.io/ZHONGyuan/ZHONGyuan/Typo/zorigami_s.png']
6a1190f05c7cd75eb89776a8,File,绮楃27.jpg - 绮楃27.jpg - 01,/ZHONGyuan/Typo/绮楃27.jpg,2026-05-23T11:35:12.464Z,https://ik.imagekit.io/ZHONGyuan/ZHONGyuan/Typo/%E7%B2%97%E7%A8%BF27.jpg?updatedAt=1779536113084,jpg,844085,https://ik.imagekit.io/ZHONGyuan/ZHONGyuan/Typo/绮楃27.jpg,绮楃27.jpg,绮楃27.jpg,,/ZHONGyuan/Typo/绮楃27.jpg,1,['https://ik.imagekit.io/ZHONGyuan/ZHONGyuan/Typo/绮楃27.jpg']
6a1190f05c7cd75eb8977678,File,绮楃28.jpg - 绮楃28.jpg - 01,/ZHONGyuan/Typo/绮楃28.jpg,2026-05-23T11:35:12.457Z,https://ik.imagekit.io/ZHONGyuan/ZHONGyuan/Typo/%E7%B2%97%E7%A8%BF28.jpg?updatedAt=1779536113075,jpg,764210,https://ik.imagekit.io/ZHONGyuan/ZHONGyuan/Typo/绮楃28.jpg,绮楃28.jpg,绮楃28.jpg,,/ZHONGyuan/Typo/绮楃28.jpg,1,['https://ik.imagekit.io/ZHONGyuan/ZHONGyuan/Typo/绮楃28.jpg']
6a1190f05c7cd75eb89775dd,File,绮楃29.jpg - 绮楃29.jpg - 01,/ZHONGyuan/Typo/绮楃29.jpg,2026-05-23T11:35:12.356Z,https://ik.imagekit.io/ZHONGyuan/ZHONGyuan/Typo/%E7%B2%97%E7%A8%BF29.jpg?updatedAt=1779536112999,jpg,385314,https://ik.imagekit.io/ZHONGyuan/ZHONGyuan/Typo/绮楃29.jpg,绮楃29.jpg,绮楃29.jpg,,/ZHONGyuan/Typo/绮楃29.jpg,1,['https://ik.imagekit.io/ZHONGyuan/ZHONGyuan/Typo/绮楃29.jpg']
6a1190f05c7cd75eb89775f5,File,绮楃30.jpg - 绮楃30.jpg - 01,/ZHONGyuan/Typo/绮楃30.jpg,2026-05-23T11:35:12.376Z,https://ik.imagekit.io/ZHONGyuan/ZHONGyuan/Typo/%E7%B2%97%E7%A8%BF30.jpg?updatedAt=1779536113001,jpg,446724,https://ik.imagekit.io/ZHONGyuan/ZHONGyuan/Typo/绮楃30.jpg,绮楃30.jpg,绮楃30.jpg,,/ZHONGyuan/Typo/绮楃30.jpg,1,['https://ik.imagekit.io/ZHONGyuan/ZHONGyuan/Typo/绮楃30.jpg']
6a1190f05c7cd75eb89776ce,File,绮楃31.jpg - 绮楃31.jpg - 01,/ZHONGyuan/Typo/绮楃31.jpg,2026-05-23T11:35:12.511Z,https://ik.imagekit.io/ZHONGyuan/ZHONGyuan/Typo/%E7%B2%97%E7%A8%BF31.jpg?updatedAt=1779536113105,jpg,1349574,https://ik.imagekit.io/ZHONGyuan/ZHONGyuan/Typo/绮楃31.jpg,绮楃31.jpg,绮楃31.jpg,,/ZHONGyuan/Typo/绮楃31.jpg,1,['https://ik.imagekit.io/ZHONGyuan/ZHONGyuan/Typo/绮楃31.jpg']
6a1190f05c7cd75eb897763b,File,绮楃32.jpg - 绮楃32.jpg - 01,/ZHONGyuan/Typo/绮楃32.jpg,2026-05-23T11:35:12.417Z,https://ik.imagekit.io/ZHONGyuan/ZHONGyuan/Typo/%E7%B2%97%E7%A8%BF32.jpg?updatedAt=1779536113013,jpg,578388,https://ik.imagekit.io/ZHONGyuan/ZHONGyuan/Typo/绮楃32.jpg,绮楃32.jpg,绮楃32.jpg,,/ZHONGyuan/Typo/绮楃32.jpg,1,['https://ik.imagekit.io/ZHONGyuan/ZHONGyuan/Typo/绮楃32.jpg']
6a1190f05c7cd75eb89775db,File,绮楃5.jpg - 绮楃5.jpg - 01,/ZHONGyuan/Typo/绮楃5.jpg,2026-05-23T11:35:12.355Z,https://ik.imagekit.io/ZHONGyuan/ZHONGyuan/Typo/%E7%B2%97%E7%A8%BF5.jpg?updatedAt=1779536112963,jpg,517285,https://ik.imagekit.io/ZHONGyuan/ZHONGyuan/Typo/绮楃5.jpg,绮楃5.jpg,绮楃5.jpg,,/ZHONGyuan/Typo/绮楃5.jpg,1,['https://ik.imagekit.io/ZHONGyuan/ZHONGyuan/Typo/绮楃5.jpg']
6a1190f05c7cd75eb897751e,File,绮楃6.jpg - 绮楃6.jpg - 01,/ZHONGyuan/Typo/绮楃6.jpg,2026-05-23T11:35:12.235Z,https://ik.imagekit.io/ZHONGyuan/ZHONGyuan/Typo/%E7%B2%97%E7%A8%BF6.jpg?updatedAt=1779536112810,jpg,565505,https://ik.imagekit.io/ZHONGyuan/ZHONGyuan/Typo/绮楃6.jpg,绮楃6.jpg,绮楃6.jpg,,/ZHONGyuan/Typo/绮楃6.jpg,1,['https://ik.imagekit.io/ZHONGyuan/ZHONGyuan/Typo/绮楃6.jpg']
6a1190f05c7cd75eb89776df,File,绮楃7.jpg - 绮楃7.jpg - 01,/ZHONGyuan/Typo/绮楃7.jpg,2026-05-23T11:35:12.504Z,https://ik.imagekit.io/ZHONGyuan/ZHONGyuan/Typo/%E7%B2%97%E7%A8%BF7.jpg?updatedAt=1779536113209,jpg,1166159,https://ik.imagekit.io/ZHONGyuan/ZHONGyuan/Typo/绮楃7.jpg,绮楃7.jpg,绮楃7.jpg,,/ZHONGyuan/Typo/绮楃7.jpg,1,['https://ik.imagekit.io/ZHONGyuan/ZHONGyuan/Typo/绮楃7.jpg']
6a1190f05c7cd75eb89776de,File,绮楃8.jpg - 绮楃8.jpg - 01,/ZHONGyuan/Typo/绮楃8.jpg,2026-05-23T11:35:12.510Z,https://ik.imagekit.io/ZHONGyuan/ZHONGyuan/Typo/%E7%B2%97%E7%A8%BF8.jpg?updatedAt=1779536113154,jpg,1250891,https://ik.imagekit.io/ZHONGyuan/ZHONGyuan/Typo/绮楃8.jpg,绮楃8.jpg,绮楃8.jpg,,/ZHONGyuan/Typo/绮楃8.jpg,1,['https://ik.imagekit.io/ZHONGyuan/ZHONGyuan/Typo/绮楃8.jpg']
6a1190f05c7cd75eb8977625,File,绮楃9.jpg - 绮楃9.jpg - 01,/ZHONGyuan/Typo/绮楃9.jpg,2026-05-23T11:35:12.411Z,https://ik.imagekit.io/ZHONGyuan/ZHONGyuan/Typo/%E7%B2%97%E7%A8%BF9.jpg?updatedAt=1779536113085,jpg,599246,https://ik.imagekit.io/ZHONGyuan/ZHONGyuan/Typo/绮楃9.jpg,绮楃9.jpg,绮楃9.jpg,,/ZHONGyuan/Typo/绮楃9.jpg,1,['https://ik.imagekit.io/ZHONGyuan/ZHONGyuan/Typo/绮楃9.jpg']
6a1191185c7cd75eb89859b0,File,verrol_1.png - verrol_1.png - 01,/ZHONGyuan/Verrol/verrol_1.png,2026-05-23T11:35:52.520Z,https://ik.imagekit.io/ZHONGyuan/ZHONGyuan/Verrol/verrol_1.png?updatedAt=1779536153200,png,236720,https://ik.imagekit.io/ZHONGyuan/ZHONGyuan/Verrol/verrol_1.png,verrol_1.png,verrol_1.png,,/ZHONGyuan/Verrol/verrol_1.png,1,['https://ik.imagekit.io/ZHONGyuan/ZHONGyuan/Verrol/verrol_1.png']
6a1191185c7cd75eb8985ab9,File,verrol_10.png - verrol_10.png - 01,/ZHONGyuan/Verrol/verrol_10.png,2026-05-23T11:35:52.682Z,https://ik.imagekit.io/ZHONGyuan/ZHONGyuan/Verrol/verrol_10.png?updatedAt=1779536153351,png,102036,https://ik.imagekit.io/ZHONGyuan/ZHONGyuan/Verrol/verrol_10.png,verrol_10.png,verrol_10.png,,/ZHONGyuan/Verrol/verrol_10.png,1,['https://ik.imagekit.io/ZHONGyuan/ZHONGyuan/Verrol/verrol_10.png']
6a1191185c7cd75eb8985abc,File,verrol_11.png - verrol_11.png - 01,/ZHONGyuan/Verrol/verrol_11.png,2026-05-23T11:35:52.681Z,https://ik.imagekit.io/ZHONGyuan/ZHONGyuan/Verrol/verrol_11.png?updatedAt=1779536153384,png,326991,https://ik.imagekit.io/ZHONGyuan/ZHONGyuan/Verrol/verrol_11.png,verrol_11.png,verrol_11.png,,/ZHONGyuan/Verrol/verrol_11.png,1,['https://ik.imagekit.io/ZHONGyuan/ZHONGyuan/Verrol/verrol_11.png']
6a1191185c7cd75eb8985ae1,File,verrol_12.png - verrol_12.png - 01,/ZHONGyuan/Verrol/verrol_12.png,2026-05-23T11:35:52.699Z,https://ik.imagekit.io/ZHONGyuan/ZHONGyuan/Verrol/verrol_12.png?updatedAt=1779536153391,png,232465,https://ik.imagekit.io/ZHONGyuan/ZHONGyuan/Verrol/verrol_12.png,verrol_12.png,verrol_12.png,,/ZHONGyuan/Verrol/verrol_12.png,1,['https://ik.imagekit.io/ZHONGyuan/ZHONGyuan/Verrol/verrol_12.png']
6a1191185c7cd75eb8985a79,File,verrol_13.png - verrol_13.png - 01,/ZHONGyuan/Verrol/verrol_13.png,2026-05-23T11:35:52.646Z,https://ik.imagekit.io/ZHONGyuan/ZHONGyuan/Verrol/verrol_13.png?updatedAt=1779536153319,png,271096,https://ik.imagekit.io/ZHONGyuan/ZHONGyuan/Verrol/verrol_13.png,verrol_13.png,verrol_13.png,,/ZHONGyuan/Verrol/verrol_13.png,1,['https://ik.imagekit.io/ZHONGyuan/ZHONGyuan/Verrol/verrol_13.png']
6a1191185c7cd75eb8985ad3,File,verrol_14.png - verrol_14.png - 01,/ZHONGyuan/Verrol/verrol_14.png,2026-05-23T11:35:52.692Z,https://ik.imagekit.io/ZHONGyuan/ZHONGyuan/Verrol/verrol_14.png?updatedAt=1779536153288,png,262623,https://ik.imagekit.io/ZHONGyuan/ZHONGyuan/Verrol/verrol_14.png,verrol_14.png,verrol_14.png,,/ZHONGyuan/Verrol/verrol_14.png,1,['https://ik.imagekit.io/ZHONGyuan/ZHONGyuan/Verrol/verrol_14.png']
6a1191185c7cd75eb8985ad2,File,verrol_15.png - verrol_15.png - 01,/ZHONGyuan/Verrol/verrol_15.png,2026-05-23T11:35:52.692Z,https://ik.imagekit.io/ZHONGyuan/ZHONGyuan/Verrol/verrol_15.png?updatedAt=1779536153347,png,288212,https://ik.imagekit.io/ZHONGyuan/ZHONGyuan/Verrol/verrol_15.png,verrol_15.png,verrol_15.png,,/ZHONGyuan/Verrol/verrol_15.png,1,['https://ik.imagekit.io/ZHONGyuan/ZHONGyuan/Verrol/verrol_15.png']
6a1191185c7cd75eb8985a90,File,verrol_16.png - verrol_16.png - 01,/ZHONGyuan/Verrol/verrol_16.png,2026-05-23T11:35:52.651Z,https://ik.imagekit.io/ZHONGyuan/ZHONGyuan/Verrol/verrol_16.png?updatedAt=1779536153286,png,99477,https://ik.imagekit.io/ZHONGyuan/ZHONGyuan/Verrol/verrol_16.png,verrol_16.png,verrol_16.png,,/ZHONGyuan/Verrol/verrol_16.png,1,['https://ik.imagekit.io/ZHONGyuan/ZHONGyuan/Verrol/verrol_16.png']
6a1191185c7cd75eb8985ad8,File,verrol_17.png - verrol_17.png - 01,/ZHONGyuan/Verrol/verrol_17.png,2026-05-23T11:35:52.693Z,https://ik.imagekit.io/ZHONGyuan/ZHONGyuan/Verrol/verrol_17.png?updatedAt=1779536153396,png,107604,https://ik.imagekit.io/ZHONGyuan/ZHONGyuan/Verrol/verrol_17.png,verrol_17.png,verrol_17.png,,/ZHONGyuan/Verrol/verrol_17.png,1,['https://ik.imagekit.io/ZHONGyuan/ZHONGyuan/Verrol/verrol_17.png']
6a1191185c7cd75eb8985adc,File,verrol_18.png - verrol_18.png - 01,/ZHONGyuan/Verrol/verrol_18.png,2026-05-23T11:35:52.698Z,https://ik.imagekit.io/ZHONGyuan/ZHONGyuan/Verrol/verrol_18.png?updatedAt=1779536153372,png,146745,https://ik.imagekit.io/ZHONGyuan/ZHONGyuan/Verrol/verrol_18.png,verrol_18.png,verrol_18.png,,/ZHONGyuan/Verrol/verrol_18.png,1,['https://ik.imagekit.io/ZHONGyuan/ZHONGyuan/Verrol/verrol_18.png']
6a1191185c7cd75eb8985aa7,File,verrol_19.png - verrol_19.png - 01,/ZHONGyuan/Verrol/verrol_19.png,2026-05-23T11:35:52.665Z,https://ik.imagekit.io/ZHONGyuan/ZHONGyuan/Verrol/verrol_19.png?updatedAt=1779536153278,png,143029,https://ik.imagekit.io/ZHONGyuan/ZHONGyuan/Verrol/verrol_19.png,verrol_19.png,verrol_19.png,,/ZHONGyuan/Verrol/verrol_19.png,1,['https://ik.imagekit.io/ZHONGyuan/ZHONGyuan/Verrol/verrol_19.png']
6a1191185c7cd75eb89859b5,File,verrol_2.png - verrol_2.png - 01,/ZHONGyuan/Verrol/verrol_2.png,2026-05-23T11:35:52.526Z,https://ik.imagekit.io/ZHONGyuan/ZHONGyuan/Verrol/verrol_2.png?updatedAt=1779536153203,png,182190,https://ik.imagekit.io/ZHONGyuan/ZHONGyuan/Verrol/verrol_2.png,verrol_2.png,verrol_2.png,,/ZHONGyuan/Verrol/verrol_2.png,1,['https://ik.imagekit.io/ZHONGyuan/ZHONGyuan/Verrol/verrol_2.png']
6a1191185c7cd75eb89859f7,File,verrol_3.png - verrol_3.png - 01,/ZHONGyuan/Verrol/verrol_3.png,2026-05-23T11:35:52.564Z,https://ik.imagekit.io/ZHONGyuan/ZHONGyuan/Verrol/verrol_3.png?updatedAt=1779536153178,png,233906,https://ik.imagekit.io/ZHONGyuan/ZHONGyuan/Verrol/verrol_3.png,verrol_3.png,verrol_3.png,,/ZHONGyuan/Verrol/verrol_3.png,1,['https://ik.imagekit.io/ZHONGyuan/ZHONGyuan/Verrol/verrol_3.png']
6a1191185c7cd75eb89859e0,File,verrol_4.png - verrol_4.png - 01,/ZHONGyuan/Verrol/verrol_4.png,2026-05-23T11:35:52.554Z,https://ik.imagekit.io/ZHONGyuan/ZHONGyuan/Verrol/verrol_4.png?updatedAt=1779536153139,png,201359,https://ik.imagekit.io/ZHONGyuan/ZHONGyuan/Verrol/verrol_4.png,verrol_4.png,verrol_4.png,,/ZHONGyuan/Verrol/verrol_4.png,1,['https://ik.imagekit.io/ZHONGyuan/ZHONGyuan/Verrol/verrol_4.png']
6a1191185c7cd75eb8985ab6,File,verrol_5.png - verrol_5.png - 01,/ZHONGyuan/Verrol/verrol_5.png,2026-05-23T11:35:52.679Z,https://ik.imagekit.io/ZHONGyuan/ZHONGyuan/Verrol/verrol_5.png?updatedAt=1779536153323,png,142138,https://ik.imagekit.io/ZHONGyuan/ZHONGyuan/Verrol/verrol_5.png,verrol_5.png,verrol_5.png,,/ZHONGyuan/Verrol/verrol_5.png,1,['https://ik.imagekit.io/ZHONGyuan/ZHONGyuan/Verrol/verrol_5.png']
6a1191185c7cd75eb8985ac6,File,verrol_6.png - verrol_6.png - 01,/ZHONGyuan/Verrol/verrol_6.png,2026-05-23T11:35:52.687Z,https://ik.imagekit.io/ZHONGyuan/ZHONGyuan/Verrol/verrol_6.png?updatedAt=1779536153258,png,166084,https://ik.imagekit.io/ZHONGyuan/ZHONGyuan/Verrol/verrol_6.png,verrol_6.png,verrol_6.png,,/ZHONGyuan/Verrol/verrol_6.png,1,['https://ik.imagekit.io/ZHONGyuan/ZHONGyuan/Verrol/verrol_6.png']
6a1191185c7cd75eb8985ac9,File,verrol_7.png - verrol_7.png - 01,/ZHONGyuan/Verrol/verrol_7.png,2026-05-23T11:35:52.685Z,https://ik.imagekit.io/ZHONGyuan/ZHONGyuan/Verrol/verrol_7.png?updatedAt=1779536153316,png,86223,https://ik.imagekit.io/ZHONGyuan/ZHONGyuan/Verrol/verrol_7.png,verrol_7.png,verrol_7.png,,/ZHONGyuan/Verrol/verrol_7.png,1,['https://ik.imagekit.io/ZHONGyuan/ZHONGyuan/Verrol/verrol_7.png']
6a1191185c7cd75eb8985a94,File,verrol_8.png - verrol_8.png - 01,/ZHONGyuan/Verrol/verrol_8.png,2026-05-23T11:35:52.659Z,https://ik.imagekit.io/ZHONGyuan/ZHONGyuan/Verrol/verrol_8.png?updatedAt=1779536153242,png,145461,https://ik.imagekit.io/ZHONGyuan/ZHONGyuan/Verrol/verrol_8.png,verrol_8.png,verrol_8.png,,/ZHONGyuan/Verrol/verrol_8.png,1,['https://ik.imagekit.io/ZHONGyuan/ZHONGyuan/Verrol/verrol_8.png']
6a1191185c7cd75eb8985a6e,File,verrol_9.png - verrol_9.png - 01,/ZHONGyuan/Verrol/verrol_9.png,2026-05-23T11:35:52.639Z,https://ik.imagekit.io/ZHONGyuan/ZHONGyuan/Verrol/verrol_9.png?updatedAt=1779536153316,png,228163,https://ik.imagekit.io/ZHONGyuan/ZHONGyuan/Verrol/verrol_9.png,verrol_9.png,verrol_9.png,,/ZHONGyuan/Verrol/verrol_9.png,1,['https://ik.imagekit.io/ZHONGyuan/ZHONGyuan/Verrol/verrol_9.png']

